20:30:07 DEBUG : Logs will be stored at 'C:/Users/adamj/Desktop/Vitis/Lab6/workspace/IDE.log'.
20:30:09 INFO  : Launching XSCT server: xsct.bat -n  -interactive C:\Users\adamj\Desktop\Vitis\Lab6\workspace\temp_xsdb_launch_script.tcl
20:30:09 INFO  : Registering command handlers for Vitis TCF services
20:30:10 INFO  : Platform repository initialization has completed.
20:30:14 INFO  : XSCT server has started successfully.
20:30:14 INFO  : Successfully done setting XSCT server connection channel  
20:30:14 INFO  : plnx-install-location is set to ''
20:30:22 INFO  : Successfully done setting workspace for the tool. 
20:30:22 INFO  : Successfully done query RDI_DATADIR 
20:33:11 INFO  : Result from executing command 'getProjects': hdmi_text_controller_wrapper
20:33:11 INFO  : Result from executing command 'getPlatforms': xilinx_vck190_base_202220_1|C:/Xilinx/Vitis/2022.2/base_platforms/xilinx_vck190_base_202220_1/xilinx_vck190_base_202220_1.xpfm;xilinx_vck190_base_dfx_202220_1|C:/Xilinx/Vitis/2022.2/base_platforms/xilinx_vck190_base_dfx_202220_1/xilinx_vck190_base_dfx_202220_1.xpfm;xilinx_vmk180_base_202220_1|C:/Xilinx/Vitis/2022.2/base_platforms/xilinx_vmk180_base_202220_1/xilinx_vmk180_base_202220_1.xpfm;xilinx_zcu102_base_202220_1|C:/Xilinx/Vitis/2022.2/base_platforms/xilinx_zcu102_base_202220_1/xilinx_zcu102_base_202220_1.xpfm;xilinx_zcu102_base_dfx_202220_1|C:/Xilinx/Vitis/2022.2/base_platforms/xilinx_zcu102_base_dfx_202220_1/xilinx_zcu102_base_dfx_202220_1.xpfm;xilinx_zcu104_base_202220_1|C:/Xilinx/Vitis/2022.2/base_platforms/xilinx_zcu104_base_202220_1/xilinx_zcu104_base_202220_1.xpfm
20:33:11 WARN  : An unexpected exception occurred in the module 'platform project logging'
20:33:13 INFO  : Platform 'hdmi_text_controller_wrapper' is added to custom repositories.
20:33:19 INFO  : Platform 'hdmi_text_controller_wrapper' is added to custom repositories.
20:36:07 INFO  : Result from executing command 'getProjects': hdmi_text_controller_wrapper
20:36:07 INFO  : Result from executing command 'getPlatforms': xilinx_vck190_base_202220_1|C:/Xilinx/Vitis/2022.2/base_platforms/xilinx_vck190_base_202220_1/xilinx_vck190_base_202220_1.xpfm;xilinx_vck190_base_dfx_202220_1|C:/Xilinx/Vitis/2022.2/base_platforms/xilinx_vck190_base_dfx_202220_1/xilinx_vck190_base_dfx_202220_1.xpfm;xilinx_vmk180_base_202220_1|C:/Xilinx/Vitis/2022.2/base_platforms/xilinx_vmk180_base_202220_1/xilinx_vmk180_base_202220_1.xpfm;xilinx_zcu102_base_202220_1|C:/Xilinx/Vitis/2022.2/base_platforms/xilinx_zcu102_base_202220_1/xilinx_zcu102_base_202220_1.xpfm;xilinx_zcu102_base_dfx_202220_1|C:/Xilinx/Vitis/2022.2/base_platforms/xilinx_zcu102_base_dfx_202220_1/xilinx_zcu102_base_dfx_202220_1.xpfm;xilinx_zcu104_base_202220_1|C:/Xilinx/Vitis/2022.2/base_platforms/xilinx_zcu104_base_202220_1/xilinx_zcu104_base_202220_1.xpfm
20:36:08 INFO  : Checking for BSP changes to sync application flags for project 'text_controller'...
20:36:20 INFO  : Checking for BSP changes to sync application flags for project 'text_controller'...
20:36:47 INFO  : Connected to target on host '127.0.0.1' and port '3121'.
20:36:48 INFO  : Jtag cable 'RealDigital Boo 8874042402C7A' is selected.
20:36:48 INFO  : 'jtag frequency' command is executed.
20:36:48 INFO  : 'targets -set -filter {jtag_cable_name =~ "RealDigital Boo 8874042402C7A" && level==0 && jtag_device_ctx=="jsn1-0362f093-0"}' command is executed.
20:36:49 INFO  : Device configured successfully with "C:/Users/adamj/Desktop/Vitis/Lab6/workspace/text_controller/_ide/bitstream/hdmi_text_controller_wrapper.bit"
20:36:49 INFO  : Context for processor 'microblaze_0' is selected.
20:36:49 INFO  : Hardware design and registers information is loaded from 'C:/Users/adamj/Desktop/Vitis/Lab6/workspace/hdmi_text_controller_wrapper/export/hdmi_text_controller_wrapper/hw/hdmi_text_controller_wrapper.xsa'.
20:36:49 INFO  : 'configparams mdm-detect-bscan-mask 2' command is executed.
20:36:49 INFO  : Context for processor 'microblaze_0' is selected.
20:36:49 INFO  : System reset is completed.
20:36:52 INFO  : 'after 3000' command is executed.
20:36:52 INFO  : Context for processor 'microblaze_0' is selected.
20:36:53 ERROR : Cannot stop MicroBlaze. MicroBlaze is held in reset
20:36:53 INFO  : ----------------XSDB Script----------------
connect -url tcp:127.0.0.1:3121
targets -set -filter {jtag_cable_name =~ "RealDigital Boo 8874042402C7A" && level==0 && jtag_device_ctx=="jsn1-0362f093-0"}
fpga -file C:/Users/adamj/Desktop/Vitis/Lab6/workspace/text_controller/_ide/bitstream/hdmi_text_controller_wrapper.bit
targets -set -nocase -filter {name =~ "*microblaze*#0" && bscan=="USER2" }
loadhw -hw C:/Users/adamj/Desktop/Vitis/Lab6/workspace/hdmi_text_controller_wrapper/export/hdmi_text_controller_wrapper/hw/hdmi_text_controller_wrapper.xsa -regs
configparams mdm-detect-bscan-mask 2
targets -set -nocase -filter {name =~ "*microblaze*#0" && bscan=="USER2" }
rst -system
after 3000
targets -set -nocase -filter {name =~ "*microblaze*#0" && bscan=="USER2" }
dow C:/Users/adamj/Desktop/Vitis/Lab6/workspace/text_controller/Debug/text_controller.elf
----------------End of Script----------------

20:36:53 ERROR : Cannot stop MicroBlaze. MicroBlaze is held in reset
20:39:10 INFO  : Connected to target on host '127.0.0.1' and port '3121'.
20:39:10 INFO  : Jtag cable 'RealDigital Boo 8874042402C7A' is selected.
20:39:10 INFO  : 'jtag frequency' command is executed.
20:39:10 INFO  : 'targets -set -filter {jtag_cable_name =~ "RealDigital Boo 8874042402C7A" && level==0 && jtag_device_ctx=="jsn1-0362f093-0"}' command is executed.
20:39:12 INFO  : Device configured successfully with "C:/Users/adamj/Desktop/Vitis/Lab6/workspace/text_controller/_ide/bitstream/hdmi_text_controller_wrapper.bit"
20:39:12 INFO  : Context for processor 'microblaze_0' is selected.
20:39:12 INFO  : Hardware design and registers information is loaded from 'C:/Users/adamj/Desktop/Vitis/Lab6/workspace/hdmi_text_controller_wrapper/export/hdmi_text_controller_wrapper/hw/hdmi_text_controller_wrapper.xsa'.
20:39:12 INFO  : 'configparams mdm-detect-bscan-mask 2' command is executed.
20:39:12 INFO  : Context for processor 'microblaze_0' is selected.
20:39:12 INFO  : System reset is completed.
20:39:15 INFO  : 'after 3000' command is executed.
20:39:15 INFO  : Context for processor 'microblaze_0' is selected.
20:39:15 ERROR : Cannot stop MicroBlaze. MicroBlaze is held in reset
20:39:15 INFO  : ----------------XSDB Script----------------
connect -url tcp:127.0.0.1:3121
targets -set -filter {jtag_cable_name =~ "RealDigital Boo 8874042402C7A" && level==0 && jtag_device_ctx=="jsn1-0362f093-0"}
fpga -file C:/Users/adamj/Desktop/Vitis/Lab6/workspace/text_controller/_ide/bitstream/hdmi_text_controller_wrapper.bit
targets -set -nocase -filter {name =~ "*microblaze*#0" && bscan=="USER2" }
loadhw -hw C:/Users/adamj/Desktop/Vitis/Lab6/workspace/hdmi_text_controller_wrapper/export/hdmi_text_controller_wrapper/hw/hdmi_text_controller_wrapper.xsa -regs
configparams mdm-detect-bscan-mask 2
targets -set -nocase -filter {name =~ "*microblaze*#0" && bscan=="USER2" }
rst -system
after 3000
targets -set -nocase -filter {name =~ "*microblaze*#0" && bscan=="USER2" }
dow C:/Users/adamj/Desktop/Vitis/Lab6/workspace/text_controller/Debug/text_controller.elf
----------------End of Script----------------

20:39:15 ERROR : Cannot stop MicroBlaze. MicroBlaze is held in reset
20:39:20 INFO  : Checking for BSP changes to sync application flags for project 'text_controller'...
20:39:23 INFO  : Connected to target on host '127.0.0.1' and port '3121'.
20:39:23 INFO  : Jtag cable 'RealDigital Boo 8874042402C7A' is selected.
20:39:23 INFO  : 'jtag frequency' command is executed.
20:39:23 INFO  : 'targets -set -filter {jtag_cable_name =~ "RealDigital Boo 8874042402C7A" && level==0 && jtag_device_ctx=="jsn1-0362f093-0"}' command is executed.
20:39:25 INFO  : Device configured successfully with "C:/Users/adamj/Desktop/Vitis/Lab6/workspace/text_controller/_ide/bitstream/hdmi_text_controller_wrapper.bit"
20:39:25 INFO  : Context for processor 'microblaze_0' is selected.
20:39:25 INFO  : Hardware design and registers information is loaded from 'C:/Users/adamj/Desktop/Vitis/Lab6/workspace/hdmi_text_controller_wrapper/export/hdmi_text_controller_wrapper/hw/hdmi_text_controller_wrapper.xsa'.
20:39:25 INFO  : 'configparams mdm-detect-bscan-mask 2' command is executed.
20:39:25 INFO  : Context for processor 'microblaze_0' is selected.
20:39:25 INFO  : System reset is completed.
20:39:28 INFO  : 'after 3000' command is executed.
20:39:28 INFO  : Context for processor 'microblaze_0' is selected.
20:39:28 ERROR : Cannot stop MicroBlaze. MicroBlaze is held in reset
20:39:28 INFO  : ----------------XSDB Script----------------
connect -url tcp:127.0.0.1:3121
targets -set -filter {jtag_cable_name =~ "RealDigital Boo 8874042402C7A" && level==0 && jtag_device_ctx=="jsn1-0362f093-0"}
fpga -file C:/Users/adamj/Desktop/Vitis/Lab6/workspace/text_controller/_ide/bitstream/hdmi_text_controller_wrapper.bit
targets -set -nocase -filter {name =~ "*microblaze*#0" && bscan=="USER2" }
loadhw -hw C:/Users/adamj/Desktop/Vitis/Lab6/workspace/hdmi_text_controller_wrapper/export/hdmi_text_controller_wrapper/hw/hdmi_text_controller_wrapper.xsa -regs
configparams mdm-detect-bscan-mask 2
targets -set -nocase -filter {name =~ "*microblaze*#0" && bscan=="USER2" }
rst -system
after 3000
targets -set -nocase -filter {name =~ "*microblaze*#0" && bscan=="USER2" }
dow C:/Users/adamj/Desktop/Vitis/Lab6/workspace/text_controller/Debug/text_controller.elf
----------------End of Script----------------

20:39:28 ERROR : Cannot stop MicroBlaze. MicroBlaze is held in reset
20:43:07 INFO  : Connected to target on host '127.0.0.1' and port '3121'.
20:43:07 INFO  : Jtag cable 'RealDigital Boo 8874042402C7A' is selected.
20:43:07 INFO  : 'jtag frequency' command is executed.
20:43:07 INFO  : 'targets -set -filter {jtag_cable_name =~ "RealDigital Boo 8874042402C7A" && level==0 && jtag_device_ctx=="jsn1-0362f093-0"}' command is executed.
20:43:08 INFO  : Device configured successfully with "C:/Users/adamj/Desktop/Vitis/Lab6/workspace/text_controller/_ide/bitstream/hdmi_text_controller_wrapper.bit"
20:43:08 INFO  : Context for processor 'microblaze_0' is selected.
20:43:08 INFO  : Hardware design and registers information is loaded from 'C:/Users/adamj/Desktop/Vitis/Lab6/workspace/hdmi_text_controller_wrapper/export/hdmi_text_controller_wrapper/hw/hdmi_text_controller_wrapper.xsa'.
20:43:08 INFO  : 'configparams mdm-detect-bscan-mask 2' command is executed.
20:43:08 INFO  : Context for processor 'microblaze_0' is selected.
20:43:08 INFO  : System reset is completed.
20:43:11 INFO  : 'after 3000' command is executed.
20:43:11 INFO  : Context for processor 'microblaze_0' is selected.
20:43:11 ERROR : Cannot stop MicroBlaze. MicroBlaze is held in reset
20:43:11 INFO  : ----------------XSDB Script----------------
connect -url tcp:127.0.0.1:3121
targets -set -filter {jtag_cable_name =~ "RealDigital Boo 8874042402C7A" && level==0 && jtag_device_ctx=="jsn1-0362f093-0"}
fpga -file C:/Users/adamj/Desktop/Vitis/Lab6/workspace/text_controller/_ide/bitstream/hdmi_text_controller_wrapper.bit
targets -set -nocase -filter {name =~ "*microblaze*#0" && bscan=="USER2" }
loadhw -hw C:/Users/adamj/Desktop/Vitis/Lab6/workspace/hdmi_text_controller_wrapper/export/hdmi_text_controller_wrapper/hw/hdmi_text_controller_wrapper.xsa -regs
configparams mdm-detect-bscan-mask 2
targets -set -nocase -filter {name =~ "*microblaze*#0" && bscan=="USER2" }
rst -system
after 3000
targets -set -nocase -filter {name =~ "*microblaze*#0" && bscan=="USER2" }
dow C:/Users/adamj/Desktop/Vitis/Lab6/workspace/text_controller/Debug/text_controller.elf
----------------End of Script----------------

20:43:11 ERROR : Cannot stop MicroBlaze. MicroBlaze is held in reset
20:44:40 INFO  : Connected to target on host '127.0.0.1' and port '3121'.
20:44:40 INFO  : Jtag cable 'RealDigital Boo 8874042402C7A' is selected.
20:44:40 INFO  : 'jtag frequency' command is executed.
20:44:40 INFO  : 'targets -set -filter {jtag_cable_name =~ "RealDigital Boo 8874042402C7A" && level==0 && jtag_device_ctx=="jsn1-0362f093-0"}' command is executed.
20:44:41 INFO  : Device configured successfully with "C:/Users/adamj/Desktop/Vitis/Lab6/workspace/text_controller/_ide/bitstream/hdmi_text_controller_wrapper.bit"
20:44:41 INFO  : Context for processor 'microblaze_0' is selected.
20:44:41 INFO  : Hardware design and registers information is loaded from 'C:/Users/adamj/Desktop/Vitis/Lab6/workspace/hdmi_text_controller_wrapper/export/hdmi_text_controller_wrapper/hw/hdmi_text_controller_wrapper.xsa'.
20:44:41 INFO  : 'configparams mdm-detect-bscan-mask 2' command is executed.
20:44:41 INFO  : Context for processor 'microblaze_0' is selected.
20:44:41 INFO  : System reset is completed.
20:44:44 INFO  : 'after 3000' command is executed.
20:44:44 INFO  : Context for processor 'microblaze_0' is selected.
20:44:44 ERROR : Cannot stop MicroBlaze. MicroBlaze is held in reset
20:44:44 INFO  : ----------------XSDB Script----------------
connect -url tcp:127.0.0.1:3121
targets -set -filter {jtag_cable_name =~ "RealDigital Boo 8874042402C7A" && level==0 && jtag_device_ctx=="jsn1-0362f093-0"}
fpga -file C:/Users/adamj/Desktop/Vitis/Lab6/workspace/text_controller/_ide/bitstream/hdmi_text_controller_wrapper.bit
targets -set -nocase -filter {name =~ "*microblaze*#0" && bscan=="USER2" }
loadhw -hw C:/Users/adamj/Desktop/Vitis/Lab6/workspace/hdmi_text_controller_wrapper/export/hdmi_text_controller_wrapper/hw/hdmi_text_controller_wrapper.xsa -regs
configparams mdm-detect-bscan-mask 2
targets -set -nocase -filter {name =~ "*microblaze*#0" && bscan=="USER2" }
rst -system
after 3000
targets -set -nocase -filter {name =~ "*microblaze*#0" && bscan=="USER2" }
dow C:/Users/adamj/Desktop/Vitis/Lab6/workspace/text_controller/Debug/text_controller.elf
----------------End of Script----------------

20:44:44 ERROR : Cannot stop MicroBlaze. MicroBlaze is held in reset
20:46:08 INFO  : Connected to target on host '127.0.0.1' and port '3121'.
20:46:08 INFO  : Jtag cable 'RealDigital Boo 8874042402C7A' is selected.
20:46:08 INFO  : 'jtag frequency' command is executed.
20:46:08 INFO  : 'targets -set -filter {jtag_cable_name =~ "RealDigital Boo 8874042402C7A" && level==0 && jtag_device_ctx=="jsn1-0362f093-0"}' command is executed.
20:46:09 INFO  : Device configured successfully with "C:/Users/adamj/Desktop/Vitis/Lab6/workspace/text_controller/_ide/bitstream/hdmi_text_controller_wrapper.bit"
20:46:09 INFO  : Context for processor 'microblaze_0' is selected.
20:46:09 INFO  : Hardware design and registers information is loaded from 'C:/Users/adamj/Desktop/Vitis/Lab6/workspace/hdmi_text_controller_wrapper/export/hdmi_text_controller_wrapper/hw/hdmi_text_controller_wrapper.xsa'.
20:46:09 INFO  : 'configparams mdm-detect-bscan-mask 2' command is executed.
20:46:09 INFO  : Context for processor 'microblaze_0' is selected.
20:46:09 INFO  : System reset is completed.
20:46:12 INFO  : 'after 3000' command is executed.
20:46:12 INFO  : Context for processor 'microblaze_0' is selected.
20:46:12 ERROR : Cannot stop MicroBlaze. MicroBlaze is held in reset
20:46:12 INFO  : ----------------XSDB Script----------------
connect -url tcp:127.0.0.1:3121
targets -set -filter {jtag_cable_name =~ "RealDigital Boo 8874042402C7A" && level==0 && jtag_device_ctx=="jsn1-0362f093-0"}
fpga -file C:/Users/adamj/Desktop/Vitis/Lab6/workspace/text_controller/_ide/bitstream/hdmi_text_controller_wrapper.bit
targets -set -nocase -filter {name =~ "*microblaze*#0" && bscan=="USER2" }
loadhw -hw C:/Users/adamj/Desktop/Vitis/Lab6/workspace/hdmi_text_controller_wrapper/export/hdmi_text_controller_wrapper/hw/hdmi_text_controller_wrapper.xsa -regs
configparams mdm-detect-bscan-mask 2
targets -set -nocase -filter {name =~ "*microblaze*#0" && bscan=="USER2" }
rst -system
after 3000
targets -set -nocase -filter {name =~ "*microblaze*#0" && bscan=="USER2" }
dow C:/Users/adamj/Desktop/Vitis/Lab6/workspace/text_controller/Debug/text_controller.elf
----------------End of Script----------------

20:46:12 ERROR : Cannot stop MicroBlaze. MicroBlaze is held in reset
21:07:21 INFO  : Hardware specification for platform project 'hdmi_text_controller_wrapper' is updated.
21:07:30 INFO  : Result from executing command 'removePlatformRepo': 
21:07:45 INFO  : Result from executing command 'getProjects': hdmi_text_controller_wrapper
21:07:45 INFO  : Result from executing command 'getPlatforms': xilinx_vck190_base_202220_1|C:/Xilinx/Vitis/2022.2/base_platforms/xilinx_vck190_base_202220_1/xilinx_vck190_base_202220_1.xpfm;xilinx_vck190_base_dfx_202220_1|C:/Xilinx/Vitis/2022.2/base_platforms/xilinx_vck190_base_dfx_202220_1/xilinx_vck190_base_dfx_202220_1.xpfm;xilinx_vmk180_base_202220_1|C:/Xilinx/Vitis/2022.2/base_platforms/xilinx_vmk180_base_202220_1/xilinx_vmk180_base_202220_1.xpfm;xilinx_zcu102_base_202220_1|C:/Xilinx/Vitis/2022.2/base_platforms/xilinx_zcu102_base_202220_1/xilinx_zcu102_base_202220_1.xpfm;xilinx_zcu102_base_dfx_202220_1|C:/Xilinx/Vitis/2022.2/base_platforms/xilinx_zcu102_base_dfx_202220_1/xilinx_zcu102_base_dfx_202220_1.xpfm;xilinx_zcu104_base_202220_1|C:/Xilinx/Vitis/2022.2/base_platforms/xilinx_zcu104_base_202220_1/xilinx_zcu104_base_202220_1.xpfm
21:07:49 INFO  : Checking for BSP changes to sync application flags for project 'text_controller'...
21:07:51 INFO  : The hardware specification used by project 'text_controller' is out of sync with the platform. Resource files extracted from the hardware specification will be updated.
21:07:51 INFO  : The file 'C:\Users\adamj\Desktop\Vitis\Lab6\workspace\text_controller\_ide\bitstream\hdmi_text_controller_wrapper.bit' stored in project is removed.
21:07:51 INFO  : The file 'C:\Users\adamj\Desktop\Vitis\Lab6\workspace\text_controller\_ide\bitstream\hdmi_text_controller_wrapper.mmi' stored in project is removed.
21:07:51 INFO  : The updated bitstream files are copied from platform to folder 'C:\Users\adamj\Desktop\Vitis\Lab6\workspace\text_controller\_ide\bitstream' in project 'text_controller'.
21:07:54 INFO  : Connected to target on host '127.0.0.1' and port '3121'.
21:07:54 INFO  : Jtag cable 'RealDigital Boo 8874042402C7A' is selected.
21:07:54 INFO  : 'jtag frequency' command is executed.
21:07:54 INFO  : 'targets -set -filter {jtag_cable_name =~ "RealDigital Boo 8874042402C7A" && level==0 && jtag_device_ctx=="jsn1-0362f093-0"}' command is executed.
21:07:55 INFO  : Device configured successfully with "C:/Users/adamj/Desktop/Vitis/Lab6/workspace/text_controller/_ide/bitstream/hdmi_text_controller_wrapper.bit"
21:07:55 INFO  : Context for processor 'microblaze_0' is selected.
21:07:55 INFO  : Hardware design and registers information is loaded from 'C:/Users/adamj/Desktop/Vitis/Lab6/workspace/hdmi_text_controller_wrapper/export/hdmi_text_controller_wrapper/hw/hdmi_text_controller_wrapper.xsa'.
21:07:55 INFO  : 'configparams mdm-detect-bscan-mask 2' command is executed.
21:07:55 INFO  : Context for processor 'microblaze_0' is selected.
21:07:55 INFO  : System reset is completed.
21:07:58 INFO  : 'after 3000' command is executed.
21:07:58 INFO  : Context for processor 'microblaze_0' is selected.
21:07:58 ERROR : Cannot stop MicroBlaze. MicroBlaze is held in reset
21:07:58 INFO  : ----------------XSDB Script----------------
connect -url tcp:127.0.0.1:3121
targets -set -filter {jtag_cable_name =~ "RealDigital Boo 8874042402C7A" && level==0 && jtag_device_ctx=="jsn1-0362f093-0"}
fpga -file C:/Users/adamj/Desktop/Vitis/Lab6/workspace/text_controller/_ide/bitstream/hdmi_text_controller_wrapper.bit
targets -set -nocase -filter {name =~ "*microblaze*#0" && bscan=="USER2" }
loadhw -hw C:/Users/adamj/Desktop/Vitis/Lab6/workspace/hdmi_text_controller_wrapper/export/hdmi_text_controller_wrapper/hw/hdmi_text_controller_wrapper.xsa -regs
configparams mdm-detect-bscan-mask 2
targets -set -nocase -filter {name =~ "*microblaze*#0" && bscan=="USER2" }
rst -system
after 3000
targets -set -nocase -filter {name =~ "*microblaze*#0" && bscan=="USER2" }
dow C:/Users/adamj/Desktop/Vitis/Lab6/workspace/text_controller/Debug/text_controller.elf
----------------End of Script----------------

21:07:58 ERROR : Cannot stop MicroBlaze. MicroBlaze is held in reset
21:10:24 INFO  : Connected to target on host '127.0.0.1' and port '3121'.
21:10:24 INFO  : Jtag cable 'RealDigital Boo 8874042402C7A' is selected.
21:10:24 INFO  : 'jtag frequency' command is executed.
21:10:24 INFO  : 'targets -set -filter {jtag_cable_name =~ "RealDigital Boo 8874042402C7A" && level==0 && jtag_device_ctx=="jsn1-0362f093-0"}' command is executed.
21:10:25 INFO  : Device configured successfully with "C:/Users/adamj/Desktop/Vitis/Lab6/workspace/text_controller/_ide/bitstream/hdmi_text_controller_wrapper.bit"
21:10:25 INFO  : Context for processor 'microblaze_0' is selected.
21:10:25 INFO  : Hardware design and registers information is loaded from 'C:/Users/adamj/Desktop/Vitis/Lab6/workspace/hdmi_text_controller_wrapper/export/hdmi_text_controller_wrapper/hw/hdmi_text_controller_wrapper.xsa'.
21:10:25 INFO  : 'configparams mdm-detect-bscan-mask 2' command is executed.
21:10:25 INFO  : Context for processor 'microblaze_0' is selected.
21:10:25 INFO  : System reset is completed.
21:10:28 INFO  : 'after 3000' command is executed.
21:10:28 INFO  : Context for processor 'microblaze_0' is selected.
21:10:28 ERROR : Cannot stop MicroBlaze. MicroBlaze is held in reset
21:10:28 INFO  : ----------------XSDB Script----------------
connect -url tcp:127.0.0.1:3121
targets -set -filter {jtag_cable_name =~ "RealDigital Boo 8874042402C7A" && level==0 && jtag_device_ctx=="jsn1-0362f093-0"}
fpga -file C:/Users/adamj/Desktop/Vitis/Lab6/workspace/text_controller/_ide/bitstream/hdmi_text_controller_wrapper.bit
targets -set -nocase -filter {name =~ "*microblaze*#0" && bscan=="USER2" }
loadhw -hw C:/Users/adamj/Desktop/Vitis/Lab6/workspace/hdmi_text_controller_wrapper/export/hdmi_text_controller_wrapper/hw/hdmi_text_controller_wrapper.xsa -regs
configparams mdm-detect-bscan-mask 2
targets -set -nocase -filter {name =~ "*microblaze*#0" && bscan=="USER2" }
rst -system
after 3000
targets -set -nocase -filter {name =~ "*microblaze*#0" && bscan=="USER2" }
dow C:/Users/adamj/Desktop/Vitis/Lab6/workspace/text_controller/Debug/text_controller.elf
----------------End of Script----------------

21:10:28 ERROR : Cannot stop MicroBlaze. MicroBlaze is held in reset
21:18:50 ERROR : (XSDB Server)Cannot stop MicroBlaze. MicroBlaze is held in reset

21:28:32 INFO  : Connected to target on host '127.0.0.1' and port '3121'.
21:28:32 INFO  : Jtag cable 'RealDigital Boo 8874042402C7A' is selected.
21:28:32 INFO  : 'jtag frequency' command is executed.
21:28:32 INFO  : 'targets -set -filter {jtag_cable_name =~ "RealDigital Boo 8874042402C7A" && level==0 && jtag_device_ctx=="jsn1-0362f093-0"}' command is executed.
21:28:33 INFO  : Device configured successfully with "C:/Users/adamj/Desktop/Vitis/Lab6/workspace/text_controller/_ide/bitstream/hdmi_text_controller_wrapper.bit"
21:28:33 INFO  : Context for processor 'microblaze_0' is selected.
21:28:33 INFO  : Hardware design and registers information is loaded from 'C:/Users/adamj/Desktop/Vitis/Lab6/workspace/hdmi_text_controller_wrapper/export/hdmi_text_controller_wrapper/hw/hdmi_text_controller_wrapper.xsa'.
21:28:33 INFO  : 'configparams mdm-detect-bscan-mask 2' command is executed.
21:28:33 INFO  : Context for processor 'microblaze_0' is selected.
21:28:33 INFO  : System reset is completed.
21:28:36 INFO  : 'after 3000' command is executed.
21:28:36 INFO  : Context for processor 'microblaze_0' is selected.
21:28:36 ERROR : Cannot stop MicroBlaze. MicroBlaze is held in reset
21:28:36 INFO  : ----------------XSDB Script----------------
connect -url tcp:127.0.0.1:3121
targets -set -filter {jtag_cable_name =~ "RealDigital Boo 8874042402C7A" && level==0 && jtag_device_ctx=="jsn1-0362f093-0"}
fpga -file C:/Users/adamj/Desktop/Vitis/Lab6/workspace/text_controller/_ide/bitstream/hdmi_text_controller_wrapper.bit
targets -set -nocase -filter {name =~ "*microblaze*#0" && bscan=="USER2" }
loadhw -hw C:/Users/adamj/Desktop/Vitis/Lab6/workspace/hdmi_text_controller_wrapper/export/hdmi_text_controller_wrapper/hw/hdmi_text_controller_wrapper.xsa -regs
configparams mdm-detect-bscan-mask 2
targets -set -nocase -filter {name =~ "*microblaze*#0" && bscan=="USER2" }
rst -system
after 3000
targets -set -nocase -filter {name =~ "*microblaze*#0" && bscan=="USER2" }
dow C:/Users/adamj/Desktop/Vitis/Lab6/workspace/text_controller/Debug/text_controller.elf
----------------End of Script----------------

21:28:36 ERROR : Cannot stop MicroBlaze. MicroBlaze is held in reset
21:30:43 INFO  : Hardware specification for platform project 'hdmi_text_controller_wrapper' is updated.
21:30:50 INFO  : Result from executing command 'removePlatformRepo': 
21:31:09 INFO  : Result from executing command 'getProjects': hdmi_text_controller_wrapper
21:31:09 INFO  : Result from executing command 'getPlatforms': xilinx_vck190_base_202220_1|C:/Xilinx/Vitis/2022.2/base_platforms/xilinx_vck190_base_202220_1/xilinx_vck190_base_202220_1.xpfm;xilinx_vck190_base_dfx_202220_1|C:/Xilinx/Vitis/2022.2/base_platforms/xilinx_vck190_base_dfx_202220_1/xilinx_vck190_base_dfx_202220_1.xpfm;xilinx_vmk180_base_202220_1|C:/Xilinx/Vitis/2022.2/base_platforms/xilinx_vmk180_base_202220_1/xilinx_vmk180_base_202220_1.xpfm;xilinx_zcu102_base_202220_1|C:/Xilinx/Vitis/2022.2/base_platforms/xilinx_zcu102_base_202220_1/xilinx_zcu102_base_202220_1.xpfm;xilinx_zcu102_base_dfx_202220_1|C:/Xilinx/Vitis/2022.2/base_platforms/xilinx_zcu102_base_dfx_202220_1/xilinx_zcu102_base_dfx_202220_1.xpfm;xilinx_zcu104_base_202220_1|C:/Xilinx/Vitis/2022.2/base_platforms/xilinx_zcu104_base_202220_1/xilinx_zcu104_base_202220_1.xpfm
21:31:10 INFO  : Checking for BSP changes to sync application flags for project 'text_controller'...
21:31:13 INFO  : The hardware specification used by project 'text_controller' is out of sync with the platform. Resource files extracted from the hardware specification will be updated.
21:31:13 INFO  : The file 'C:\Users\adamj\Desktop\Vitis\Lab6\workspace\text_controller\_ide\bitstream\hdmi_text_controller_wrapper.bit' stored in project is removed.
21:31:13 INFO  : The file 'C:\Users\adamj\Desktop\Vitis\Lab6\workspace\text_controller\_ide\bitstream\hdmi_text_controller_wrapper.mmi' stored in project is removed.
21:31:13 INFO  : The updated bitstream files are copied from platform to folder 'C:\Users\adamj\Desktop\Vitis\Lab6\workspace\text_controller\_ide\bitstream' in project 'text_controller'.
21:31:16 INFO  : Connected to target on host '127.0.0.1' and port '3121'.
21:31:16 INFO  : Jtag cable 'RealDigital Boo 8874042402C7A' is selected.
21:31:16 INFO  : 'jtag frequency' command is executed.
21:31:16 INFO  : 'targets -set -filter {jtag_cable_name =~ "RealDigital Boo 8874042402C7A" && level==0 && jtag_device_ctx=="jsn1-0362f093-0"}' command is executed.
21:31:17 INFO  : Device configured successfully with "C:/Users/adamj/Desktop/Vitis/Lab6/workspace/text_controller/_ide/bitstream/hdmi_text_controller_wrapper.bit"
21:31:17 INFO  : Context for processor 'microblaze_0' is selected.
21:31:17 INFO  : Hardware design and registers information is loaded from 'C:/Users/adamj/Desktop/Vitis/Lab6/workspace/hdmi_text_controller_wrapper/export/hdmi_text_controller_wrapper/hw/hdmi_text_controller_wrapper.xsa'.
21:31:17 INFO  : 'configparams mdm-detect-bscan-mask 2' command is executed.
21:31:17 INFO  : Context for processor 'microblaze_0' is selected.
21:31:17 INFO  : System reset is completed.
21:31:20 INFO  : 'after 3000' command is executed.
21:31:20 INFO  : Context for processor 'microblaze_0' is selected.
21:31:20 ERROR : Cannot stop MicroBlaze. MicroBlaze is held in reset
21:31:20 INFO  : ----------------XSDB Script----------------
connect -url tcp:127.0.0.1:3121
targets -set -filter {jtag_cable_name =~ "RealDigital Boo 8874042402C7A" && level==0 && jtag_device_ctx=="jsn1-0362f093-0"}
fpga -file C:/Users/adamj/Desktop/Vitis/Lab6/workspace/text_controller/_ide/bitstream/hdmi_text_controller_wrapper.bit
targets -set -nocase -filter {name =~ "*microblaze*#0" && bscan=="USER2" }
loadhw -hw C:/Users/adamj/Desktop/Vitis/Lab6/workspace/hdmi_text_controller_wrapper/export/hdmi_text_controller_wrapper/hw/hdmi_text_controller_wrapper.xsa -regs
configparams mdm-detect-bscan-mask 2
targets -set -nocase -filter {name =~ "*microblaze*#0" && bscan=="USER2" }
rst -system
after 3000
targets -set -nocase -filter {name =~ "*microblaze*#0" && bscan=="USER2" }
dow C:/Users/adamj/Desktop/Vitis/Lab6/workspace/text_controller/Debug/text_controller.elf
----------------End of Script----------------

21:31:20 ERROR : Cannot stop MicroBlaze. MicroBlaze is held in reset
21:47:43 INFO  : Hardware specification for platform project 'hdmi_text_controller_wrapper' is updated.
21:47:54 INFO  : Result from executing command 'removePlatformRepo': 
21:48:28 INFO  : Result from executing command 'getProjects': hdmi_text_controller_wrapper
21:48:28 INFO  : Result from executing command 'getPlatforms': xilinx_vck190_base_202220_1|C:/Xilinx/Vitis/2022.2/base_platforms/xilinx_vck190_base_202220_1/xilinx_vck190_base_202220_1.xpfm;xilinx_vck190_base_dfx_202220_1|C:/Xilinx/Vitis/2022.2/base_platforms/xilinx_vck190_base_dfx_202220_1/xilinx_vck190_base_dfx_202220_1.xpfm;xilinx_vmk180_base_202220_1|C:/Xilinx/Vitis/2022.2/base_platforms/xilinx_vmk180_base_202220_1/xilinx_vmk180_base_202220_1.xpfm;xilinx_zcu102_base_202220_1|C:/Xilinx/Vitis/2022.2/base_platforms/xilinx_zcu102_base_202220_1/xilinx_zcu102_base_202220_1.xpfm;xilinx_zcu102_base_dfx_202220_1|C:/Xilinx/Vitis/2022.2/base_platforms/xilinx_zcu102_base_dfx_202220_1/xilinx_zcu102_base_dfx_202220_1.xpfm;xilinx_zcu104_base_202220_1|C:/Xilinx/Vitis/2022.2/base_platforms/xilinx_zcu104_base_202220_1/xilinx_zcu104_base_202220_1.xpfm
21:48:30 INFO  : Checking for BSP changes to sync application flags for project 'text_controller'...
21:48:30 INFO  : Updating application flags with new BSP settings...
21:48:31 INFO  : Successfully updated application flags for project text_controller.
21:48:32 INFO  : The hardware specification used by project 'text_controller' is out of sync with the platform. Resource files extracted from the hardware specification will be updated.
21:48:32 INFO  : The file 'C:\Users\adamj\Desktop\Vitis\Lab6\workspace\text_controller\_ide\bitstream\hdmi_text_controller_wrapper.bit' stored in project is removed.
21:48:32 INFO  : The file 'C:\Users\adamj\Desktop\Vitis\Lab6\workspace\text_controller\_ide\bitstream\hdmi_text_controller_wrapper.mmi' stored in project is removed.
21:48:32 INFO  : The updated bitstream files are copied from platform to folder 'C:\Users\adamj\Desktop\Vitis\Lab6\workspace\text_controller\_ide\bitstream' in project 'text_controller'.
21:48:55 INFO  : Checking for BSP changes to sync application flags for project 'text_controller'...
21:49:00 INFO  : Connected to target on host '127.0.0.1' and port '3121'.
21:49:00 INFO  : Jtag cable 'RealDigital Boo 8874042402C7A' is selected.
21:49:00 INFO  : 'jtag frequency' command is executed.
21:49:01 INFO  : 'targets -set -filter {jtag_cable_name =~ "RealDigital Boo 8874042402C7A" && level==0 && jtag_device_ctx=="jsn1-0362f093-0"}' command is executed.
21:49:02 INFO  : Device configured successfully with "C:/Users/adamj/Desktop/Vitis/Lab6/workspace/text_controller/_ide/bitstream/hdmi_text_controller_wrapper.bit"
21:49:02 INFO  : Context for processor 'microblaze_0' is selected.
21:49:02 INFO  : Hardware design and registers information is loaded from 'C:/Users/adamj/Desktop/Vitis/Lab6/workspace/hdmi_text_controller_wrapper/export/hdmi_text_controller_wrapper/hw/hdmi_text_controller_wrapper.xsa'.
21:49:02 INFO  : 'configparams mdm-detect-bscan-mask 2' command is executed.
21:49:02 INFO  : Context for processor 'microblaze_0' is selected.
21:49:02 INFO  : System reset is completed.
21:49:05 INFO  : 'after 3000' command is executed.
21:49:05 INFO  : Context for processor 'microblaze_0' is selected.
21:49:05 ERROR : Cannot stop MicroBlaze. MicroBlaze is held in reset
21:49:05 INFO  : ----------------XSDB Script----------------
connect -url tcp:127.0.0.1:3121
targets -set -filter {jtag_cable_name =~ "RealDigital Boo 8874042402C7A" && level==0 && jtag_device_ctx=="jsn1-0362f093-0"}
fpga -file C:/Users/adamj/Desktop/Vitis/Lab6/workspace/text_controller/_ide/bitstream/hdmi_text_controller_wrapper.bit
targets -set -nocase -filter {name =~ "*microblaze*#0" && bscan=="USER2" }
loadhw -hw C:/Users/adamj/Desktop/Vitis/Lab6/workspace/hdmi_text_controller_wrapper/export/hdmi_text_controller_wrapper/hw/hdmi_text_controller_wrapper.xsa -regs
configparams mdm-detect-bscan-mask 2
targets -set -nocase -filter {name =~ "*microblaze*#0" && bscan=="USER2" }
rst -system
after 3000
targets -set -nocase -filter {name =~ "*microblaze*#0" && bscan=="USER2" }
dow C:/Users/adamj/Desktop/Vitis/Lab6/workspace/text_controller/Debug/text_controller.elf
----------------End of Script----------------

21:49:05 ERROR : Cannot stop MicroBlaze. MicroBlaze is held in reset
22:00:50 INFO  : Hardware specification for platform project 'hdmi_text_controller_wrapper' is updated.
22:00:57 INFO  : Result from executing command 'removePlatformRepo': 
22:01:12 INFO  : Result from executing command 'getProjects': hdmi_text_controller_wrapper
22:01:12 INFO  : Result from executing command 'getPlatforms': xilinx_vck190_base_202220_1|C:/Xilinx/Vitis/2022.2/base_platforms/xilinx_vck190_base_202220_1/xilinx_vck190_base_202220_1.xpfm;xilinx_vck190_base_dfx_202220_1|C:/Xilinx/Vitis/2022.2/base_platforms/xilinx_vck190_base_dfx_202220_1/xilinx_vck190_base_dfx_202220_1.xpfm;xilinx_vmk180_base_202220_1|C:/Xilinx/Vitis/2022.2/base_platforms/xilinx_vmk180_base_202220_1/xilinx_vmk180_base_202220_1.xpfm;xilinx_zcu102_base_202220_1|C:/Xilinx/Vitis/2022.2/base_platforms/xilinx_zcu102_base_202220_1/xilinx_zcu102_base_202220_1.xpfm;xilinx_zcu102_base_dfx_202220_1|C:/Xilinx/Vitis/2022.2/base_platforms/xilinx_zcu102_base_dfx_202220_1/xilinx_zcu102_base_dfx_202220_1.xpfm;xilinx_zcu104_base_202220_1|C:/Xilinx/Vitis/2022.2/base_platforms/xilinx_zcu104_base_202220_1/xilinx_zcu104_base_202220_1.xpfm
22:01:13 INFO  : Checking for BSP changes to sync application flags for project 'text_controller'...
22:01:15 INFO  : The hardware specification used by project 'text_controller' is out of sync with the platform. Resource files extracted from the hardware specification will be updated.
22:01:15 INFO  : The file 'C:\Users\adamj\Desktop\Vitis\Lab6\workspace\text_controller\_ide\bitstream\hdmi_text_controller_wrapper.bit' stored in project is removed.
22:01:15 INFO  : The file 'C:\Users\adamj\Desktop\Vitis\Lab6\workspace\text_controller\_ide\bitstream\hdmi_text_controller_wrapper.mmi' stored in project is removed.
22:01:15 INFO  : The updated bitstream files are copied from platform to folder 'C:\Users\adamj\Desktop\Vitis\Lab6\workspace\text_controller\_ide\bitstream' in project 'text_controller'.
22:01:18 INFO  : Connected to target on host '127.0.0.1' and port '3121'.
22:01:18 INFO  : Jtag cable 'RealDigital Boo 8874042402C7A' is selected.
22:01:18 INFO  : 'jtag frequency' command is executed.
22:01:18 INFO  : 'targets -set -filter {jtag_cable_name =~ "RealDigital Boo 8874042402C7A" && level==0 && jtag_device_ctx=="jsn1-0362f093-0"}' command is executed.
22:01:20 INFO  : Device configured successfully with "C:/Users/adamj/Desktop/Vitis/Lab6/workspace/text_controller/_ide/bitstream/hdmi_text_controller_wrapper.bit"
22:01:20 INFO  : Context for processor 'microblaze_0' is selected.
22:01:20 INFO  : Hardware design and registers information is loaded from 'C:/Users/adamj/Desktop/Vitis/Lab6/workspace/hdmi_text_controller_wrapper/export/hdmi_text_controller_wrapper/hw/hdmi_text_controller_wrapper.xsa'.
22:01:20 INFO  : 'configparams mdm-detect-bscan-mask 2' command is executed.
22:01:20 INFO  : Context for processor 'microblaze_0' is selected.
22:01:20 INFO  : System reset is completed.
22:01:23 INFO  : 'after 3000' command is executed.
22:01:23 INFO  : Context for processor 'microblaze_0' is selected.
22:01:23 ERROR : Cannot stop MicroBlaze. MicroBlaze is held in reset
22:01:23 INFO  : ----------------XSDB Script----------------
connect -url tcp:127.0.0.1:3121
targets -set -filter {jtag_cable_name =~ "RealDigital Boo 8874042402C7A" && level==0 && jtag_device_ctx=="jsn1-0362f093-0"}
fpga -file C:/Users/adamj/Desktop/Vitis/Lab6/workspace/text_controller/_ide/bitstream/hdmi_text_controller_wrapper.bit
targets -set -nocase -filter {name =~ "*microblaze*#0" && bscan=="USER2" }
loadhw -hw C:/Users/adamj/Desktop/Vitis/Lab6/workspace/hdmi_text_controller_wrapper/export/hdmi_text_controller_wrapper/hw/hdmi_text_controller_wrapper.xsa -regs
configparams mdm-detect-bscan-mask 2
targets -set -nocase -filter {name =~ "*microblaze*#0" && bscan=="USER2" }
rst -system
after 3000
targets -set -nocase -filter {name =~ "*microblaze*#0" && bscan=="USER2" }
dow C:/Users/adamj/Desktop/Vitis/Lab6/workspace/text_controller/Debug/text_controller.elf
----------------End of Script----------------

22:01:23 ERROR : Cannot stop MicroBlaze. MicroBlaze is held in reset
09:14:11 INFO  : Hardware specification for platform project 'hdmi_text_controller_wrapper' is updated.
09:14:25 INFO  : Result from executing command 'removePlatformRepo': 
09:14:44 INFO  : Result from executing command 'getProjects': hdmi_text_controller_wrapper
09:14:44 INFO  : Result from executing command 'getPlatforms': xilinx_vck190_base_202220_1|C:/Xilinx/Vitis/2022.2/base_platforms/xilinx_vck190_base_202220_1/xilinx_vck190_base_202220_1.xpfm;xilinx_vck190_base_dfx_202220_1|C:/Xilinx/Vitis/2022.2/base_platforms/xilinx_vck190_base_dfx_202220_1/xilinx_vck190_base_dfx_202220_1.xpfm;xilinx_vmk180_base_202220_1|C:/Xilinx/Vitis/2022.2/base_platforms/xilinx_vmk180_base_202220_1/xilinx_vmk180_base_202220_1.xpfm;xilinx_zcu102_base_202220_1|C:/Xilinx/Vitis/2022.2/base_platforms/xilinx_zcu102_base_202220_1/xilinx_zcu102_base_202220_1.xpfm;xilinx_zcu102_base_dfx_202220_1|C:/Xilinx/Vitis/2022.2/base_platforms/xilinx_zcu102_base_dfx_202220_1/xilinx_zcu102_base_dfx_202220_1.xpfm;xilinx_zcu104_base_202220_1|C:/Xilinx/Vitis/2022.2/base_platforms/xilinx_zcu104_base_202220_1/xilinx_zcu104_base_202220_1.xpfm
09:14:46 INFO  : Checking for BSP changes to sync application flags for project 'text_controller'...
09:14:50 INFO  : The hardware specification used by project 'text_controller' is out of sync with the platform. Resource files extracted from the hardware specification will be updated.
09:14:50 INFO  : The file 'C:\Users\adamj\Desktop\Vitis\Lab6\workspace\text_controller\_ide\bitstream\hdmi_text_controller_wrapper.bit' stored in project is removed.
09:14:50 INFO  : The file 'C:\Users\adamj\Desktop\Vitis\Lab6\workspace\text_controller\_ide\bitstream\hdmi_text_controller_wrapper.mmi' stored in project is removed.
09:14:50 INFO  : The updated bitstream files are copied from platform to folder 'C:\Users\adamj\Desktop\Vitis\Lab6\workspace\text_controller\_ide\bitstream' in project 'text_controller'.
09:14:55 INFO  : Connected to target on host '127.0.0.1' and port '3121'.
09:14:55 INFO  : Jtag cable 'RealDigital Boo 8874042402C7A' is selected.
09:14:55 INFO  : 'jtag frequency' command is executed.
09:14:55 INFO  : 'targets -set -filter {jtag_cable_name =~ "RealDigital Boo 8874042402C7A" && level==0 && jtag_device_ctx=="jsn1-0362f093-0"}' command is executed.
09:14:56 INFO  : Device configured successfully with "C:/Users/adamj/Desktop/Vitis/Lab6/workspace/text_controller/_ide/bitstream/mb_block_wrapper.bit"
09:14:56 INFO  : Context for processor 'microblaze_0' is selected.
09:14:56 INFO  : Hardware design and registers information is loaded from 'C:/Users/adamj/Desktop/Vitis/Lab6/workspace/hdmi_text_controller_wrapper/export/hdmi_text_controller_wrapper/hw/mb_block_wrapper.xsa'.
09:14:56 INFO  : 'configparams mdm-detect-bscan-mask 2' command is executed.
09:14:56 INFO  : Context for processor 'microblaze_0' is selected.
09:14:56 INFO  : System reset is completed.
09:14:59 INFO  : 'after 3000' command is executed.
09:14:59 INFO  : Context for processor 'microblaze_0' is selected.
09:14:59 ERROR : Cannot stop MicroBlaze. MicroBlaze is held in reset
09:14:59 INFO  : ----------------XSDB Script----------------
connect -url tcp:127.0.0.1:3121
targets -set -filter {jtag_cable_name =~ "RealDigital Boo 8874042402C7A" && level==0 && jtag_device_ctx=="jsn1-0362f093-0"}
fpga -file C:/Users/adamj/Desktop/Vitis/Lab6/workspace/text_controller/_ide/bitstream/mb_block_wrapper.bit
targets -set -nocase -filter {name =~ "*microblaze*#0" && bscan=="USER2" }
loadhw -hw C:/Users/adamj/Desktop/Vitis/Lab6/workspace/hdmi_text_controller_wrapper/export/hdmi_text_controller_wrapper/hw/mb_block_wrapper.xsa -regs
configparams mdm-detect-bscan-mask 2
targets -set -nocase -filter {name =~ "*microblaze*#0" && bscan=="USER2" }
rst -system
after 3000
targets -set -nocase -filter {name =~ "*microblaze*#0" && bscan=="USER2" }
dow C:/Users/adamj/Desktop/Vitis/Lab6/workspace/text_controller/Debug/text_controller.elf
----------------End of Script----------------

09:14:59 ERROR : Cannot stop MicroBlaze. MicroBlaze is held in reset
09:27:35 INFO  : Hardware specification for platform project 'hdmi_text_controller_wrapper' is updated.
09:27:46 INFO  : Result from executing command 'removePlatformRepo': 
09:27:58 INFO  : Result from executing command 'getProjects': hdmi_text_controller_wrapper
09:27:58 INFO  : Result from executing command 'getPlatforms': xilinx_vck190_base_202220_1|C:/Xilinx/Vitis/2022.2/base_platforms/xilinx_vck190_base_202220_1/xilinx_vck190_base_202220_1.xpfm;xilinx_vck190_base_dfx_202220_1|C:/Xilinx/Vitis/2022.2/base_platforms/xilinx_vck190_base_dfx_202220_1/xilinx_vck190_base_dfx_202220_1.xpfm;xilinx_vmk180_base_202220_1|C:/Xilinx/Vitis/2022.2/base_platforms/xilinx_vmk180_base_202220_1/xilinx_vmk180_base_202220_1.xpfm;xilinx_zcu102_base_202220_1|C:/Xilinx/Vitis/2022.2/base_platforms/xilinx_zcu102_base_202220_1/xilinx_zcu102_base_202220_1.xpfm;xilinx_zcu102_base_dfx_202220_1|C:/Xilinx/Vitis/2022.2/base_platforms/xilinx_zcu102_base_dfx_202220_1/xilinx_zcu102_base_dfx_202220_1.xpfm;xilinx_zcu104_base_202220_1|C:/Xilinx/Vitis/2022.2/base_platforms/xilinx_zcu104_base_202220_1/xilinx_zcu104_base_202220_1.xpfm
09:27:59 INFO  : Checking for BSP changes to sync application flags for project 'text_controller'...
09:28:02 INFO  : The hardware specification used by project 'text_controller' is out of sync with the platform. Resource files extracted from the hardware specification will be updated.
09:28:02 INFO  : The file 'C:\Users\adamj\Desktop\Vitis\Lab6\workspace\text_controller\_ide\bitstream\mb_block_wrapper.bit' stored in project is removed.
09:28:02 INFO  : The file 'C:\Users\adamj\Desktop\Vitis\Lab6\workspace\text_controller\_ide\bitstream\mb_block_wrapper.mmi' stored in project is removed.
09:28:02 INFO  : The updated bitstream files are copied from platform to folder 'C:\Users\adamj\Desktop\Vitis\Lab6\workspace\text_controller\_ide\bitstream' in project 'text_controller'.
09:28:05 INFO  : Connected to target on host '127.0.0.1' and port '3121'.
09:28:05 INFO  : Jtag cable 'RealDigital Boo 8874042402C7A' is selected.
09:28:05 INFO  : 'jtag frequency' command is executed.
09:28:05 INFO  : 'targets -set -filter {jtag_cable_name =~ "RealDigital Boo 8874042402C7A" && level==0 && jtag_device_ctx=="jsn1-0362f093-0"}' command is executed.
09:28:06 INFO  : Device configured successfully with "C:/Users/adamj/Desktop/Vitis/Lab6/workspace/text_controller/_ide/bitstream/hdmi_text_controller_wrapper.bit"
09:28:06 INFO  : Context for processor 'microblaze_0' is selected.
09:28:06 INFO  : Hardware design and registers information is loaded from 'C:/Users/adamj/Desktop/Vitis/Lab6/workspace/hdmi_text_controller_wrapper/export/hdmi_text_controller_wrapper/hw/hdmi_text_controller_wrapper.xsa'.
09:28:06 INFO  : 'configparams mdm-detect-bscan-mask 2' command is executed.
09:28:06 INFO  : Context for processor 'microblaze_0' is selected.
09:28:06 INFO  : System reset is completed.
09:28:09 INFO  : 'after 3000' command is executed.
09:28:09 INFO  : Context for processor 'microblaze_0' is selected.
09:28:10 ERROR : Cannot stop MicroBlaze. MicroBlaze is held in reset
09:28:10 INFO  : ----------------XSDB Script----------------
connect -url tcp:127.0.0.1:3121
targets -set -filter {jtag_cable_name =~ "RealDigital Boo 8874042402C7A" && level==0 && jtag_device_ctx=="jsn1-0362f093-0"}
fpga -file C:/Users/adamj/Desktop/Vitis/Lab6/workspace/text_controller/_ide/bitstream/hdmi_text_controller_wrapper.bit
targets -set -nocase -filter {name =~ "*microblaze*#0" && bscan=="USER2" }
loadhw -hw C:/Users/adamj/Desktop/Vitis/Lab6/workspace/hdmi_text_controller_wrapper/export/hdmi_text_controller_wrapper/hw/hdmi_text_controller_wrapper.xsa -regs
configparams mdm-detect-bscan-mask 2
targets -set -nocase -filter {name =~ "*microblaze*#0" && bscan=="USER2" }
rst -system
after 3000
targets -set -nocase -filter {name =~ "*microblaze*#0" && bscan=="USER2" }
dow C:/Users/adamj/Desktop/Vitis/Lab6/workspace/text_controller/Debug/text_controller.elf
----------------End of Script----------------

09:28:10 ERROR : Cannot stop MicroBlaze. MicroBlaze is held in reset
09:30:34 INFO  : Hardware specification for platform project 'hdmi_text_controller_wrapper' is updated.
09:30:41 INFO  : Result from executing command 'removePlatformRepo': 
09:30:52 INFO  : Result from executing command 'getProjects': hdmi_text_controller_wrapper
09:30:52 INFO  : Result from executing command 'getPlatforms': xilinx_vck190_base_202220_1|C:/Xilinx/Vitis/2022.2/base_platforms/xilinx_vck190_base_202220_1/xilinx_vck190_base_202220_1.xpfm;xilinx_vck190_base_dfx_202220_1|C:/Xilinx/Vitis/2022.2/base_platforms/xilinx_vck190_base_dfx_202220_1/xilinx_vck190_base_dfx_202220_1.xpfm;xilinx_vmk180_base_202220_1|C:/Xilinx/Vitis/2022.2/base_platforms/xilinx_vmk180_base_202220_1/xilinx_vmk180_base_202220_1.xpfm;xilinx_zcu102_base_202220_1|C:/Xilinx/Vitis/2022.2/base_platforms/xilinx_zcu102_base_202220_1/xilinx_zcu102_base_202220_1.xpfm;xilinx_zcu102_base_dfx_202220_1|C:/Xilinx/Vitis/2022.2/base_platforms/xilinx_zcu102_base_dfx_202220_1/xilinx_zcu102_base_dfx_202220_1.xpfm;xilinx_zcu104_base_202220_1|C:/Xilinx/Vitis/2022.2/base_platforms/xilinx_zcu104_base_202220_1/xilinx_zcu104_base_202220_1.xpfm
09:30:53 INFO  : Checking for BSP changes to sync application flags for project 'text_controller'...
09:30:54 INFO  : Updating application flags with new BSP settings...
09:30:54 INFO  : Successfully updated application flags for project text_controller.
09:30:56 INFO  : The hardware specification used by project 'text_controller' is out of sync with the platform. Resource files extracted from the hardware specification will be updated.
09:30:56 INFO  : The file 'C:\Users\adamj\Desktop\Vitis\Lab6\workspace\text_controller\_ide\bitstream\hdmi_text_controller_wrapper.bit' stored in project is removed.
09:30:56 INFO  : The file 'C:\Users\adamj\Desktop\Vitis\Lab6\workspace\text_controller\_ide\bitstream\hdmi_text_controller_wrapper.mmi' stored in project is removed.
09:30:56 INFO  : The updated bitstream files are copied from platform to folder 'C:\Users\adamj\Desktop\Vitis\Lab6\workspace\text_controller\_ide\bitstream' in project 'text_controller'.
09:31:01 INFO  : Connected to target on host '127.0.0.1' and port '3121'.
09:31:01 INFO  : Jtag cable 'RealDigital Boo 8874042402C7A' is selected.
09:31:01 INFO  : 'jtag frequency' command is executed.
09:31:01 INFO  : 'targets -set -filter {jtag_cable_name =~ "RealDigital Boo 8874042402C7A" && level==0 && jtag_device_ctx=="jsn1-0362f093-0"}' command is executed.
09:31:02 INFO  : Device configured successfully with "C:/Users/adamj/Desktop/Vitis/Lab6/workspace/text_controller/_ide/bitstream/mb_intro_top.bit"
09:31:02 INFO  : Context for processor 'microblaze_0' is selected.
09:31:02 INFO  : Hardware design and registers information is loaded from 'C:/Users/adamj/Desktop/Vitis/Lab6/workspace/hdmi_text_controller_wrapper/export/hdmi_text_controller_wrapper/hw/mb_intro_top.xsa'.
09:31:02 INFO  : 'configparams mdm-detect-bscan-mask 2' command is executed.
09:31:02 INFO  : Context for processor 'microblaze_0' is selected.
09:31:03 INFO  : System reset is completed.
09:31:06 INFO  : 'after 3000' command is executed.
09:31:06 INFO  : Context for processor 'microblaze_0' is selected.
09:31:06 INFO  : The application 'C:/Users/adamj/Desktop/Vitis/Lab6/workspace/text_controller/Debug/text_controller.elf' is downloaded to processor 'microblaze_0'.
09:31:06 INFO  : ----------------XSDB Script----------------
connect -url tcp:127.0.0.1:3121
targets -set -filter {jtag_cable_name =~ "RealDigital Boo 8874042402C7A" && level==0 && jtag_device_ctx=="jsn1-0362f093-0"}
fpga -file C:/Users/adamj/Desktop/Vitis/Lab6/workspace/text_controller/_ide/bitstream/mb_intro_top.bit
targets -set -nocase -filter {name =~ "*microblaze*#0" && bscan=="USER2" }
loadhw -hw C:/Users/adamj/Desktop/Vitis/Lab6/workspace/hdmi_text_controller_wrapper/export/hdmi_text_controller_wrapper/hw/mb_intro_top.xsa -regs
configparams mdm-detect-bscan-mask 2
targets -set -nocase -filter {name =~ "*microblaze*#0" && bscan=="USER2" }
rst -system
after 3000
targets -set -nocase -filter {name =~ "*microblaze*#0" && bscan=="USER2" }
dow C:/Users/adamj/Desktop/Vitis/Lab6/workspace/text_controller/Debug/text_controller.elf
----------------End of Script----------------

09:31:06 INFO  : Context for processor 'microblaze_0' is selected.
09:31:06 INFO  : 'con' command is executed.
09:31:06 INFO  : ----------------XSDB Script (After Launch)----------------
targets -set -nocase -filter {name =~ "*microblaze*#0" && bscan=="USER2" }
con
----------------End of Script----------------

09:31:06 INFO  : Launch script is exported to file 'C:\Users\adamj\Desktop\Vitis\Lab6\workspace\text_controller_system\_ide\scripts\systemdebugger_text_controller_system_standalone.tcl'
10:12:06 INFO  : Hardware specification for platform project 'hdmi_text_controller_wrapper' is updated.
10:12:17 INFO  : Result from executing command 'removePlatformRepo': 
10:12:36 INFO  : Result from executing command 'getProjects': hdmi_text_controller_wrapper
10:12:36 INFO  : Result from executing command 'getPlatforms': xilinx_vck190_base_202220_1|C:/Xilinx/Vitis/2022.2/base_platforms/xilinx_vck190_base_202220_1/xilinx_vck190_base_202220_1.xpfm;xilinx_vck190_base_dfx_202220_1|C:/Xilinx/Vitis/2022.2/base_platforms/xilinx_vck190_base_dfx_202220_1/xilinx_vck190_base_dfx_202220_1.xpfm;xilinx_vmk180_base_202220_1|C:/Xilinx/Vitis/2022.2/base_platforms/xilinx_vmk180_base_202220_1/xilinx_vmk180_base_202220_1.xpfm;xilinx_zcu102_base_202220_1|C:/Xilinx/Vitis/2022.2/base_platforms/xilinx_zcu102_base_202220_1/xilinx_zcu102_base_202220_1.xpfm;xilinx_zcu102_base_dfx_202220_1|C:/Xilinx/Vitis/2022.2/base_platforms/xilinx_zcu102_base_dfx_202220_1/xilinx_zcu102_base_dfx_202220_1.xpfm;xilinx_zcu104_base_202220_1|C:/Xilinx/Vitis/2022.2/base_platforms/xilinx_zcu104_base_202220_1/xilinx_zcu104_base_202220_1.xpfm
10:12:37 INFO  : Checking for BSP changes to sync application flags for project 'text_controller'...
10:12:37 INFO  : Updating application flags with new BSP settings...
10:12:37 INFO  : Successfully updated application flags for project text_controller.
10:12:40 INFO  : The hardware specification used by project 'text_controller' is out of sync with the platform. Resource files extracted from the hardware specification will be updated.
10:12:40 INFO  : The file 'C:\Users\adamj\Desktop\Vitis\Lab6\workspace\text_controller\_ide\bitstream\mb_intro_top.bit' stored in project is removed.
10:12:40 INFO  : The file 'C:\Users\adamj\Desktop\Vitis\Lab6\workspace\text_controller\_ide\bitstream\mb_intro_top.mmi' stored in project is removed.
10:12:40 INFO  : The updated bitstream files are copied from platform to folder 'C:\Users\adamj\Desktop\Vitis\Lab6\workspace\text_controller\_ide\bitstream' in project 'text_controller'.
10:12:44 INFO  : Disconnected from the channel tcfchan#2.
10:12:44 INFO  : Connected to target on host '127.0.0.1' and port '3121'.
10:12:44 INFO  : Jtag cable 'RealDigital Boo 8874042402C7A' is selected.
10:12:44 INFO  : 'jtag frequency' command is executed.
10:12:44 INFO  : 'targets -set -filter {jtag_cable_name =~ "RealDigital Boo 8874042402C7A" && level==0 && jtag_device_ctx=="jsn1-0362f093-0"}' command is executed.
10:12:46 INFO  : Device configured successfully with "C:/Users/adamj/Desktop/Vitis/Lab6/workspace/text_controller/_ide/bitstream/hdmi_text_controller_top.bit"
10:12:46 INFO  : Context for processor 'microblaze_0' is selected.
10:12:46 INFO  : Hardware design and registers information is loaded from 'C:/Users/adamj/Desktop/Vitis/Lab6/workspace/hdmi_text_controller_wrapper/export/hdmi_text_controller_wrapper/hw/hdmi_text_controller_top.xsa'.
10:12:46 INFO  : 'configparams mdm-detect-bscan-mask 2' command is executed.
10:12:46 INFO  : Context for processor 'microblaze_0' is selected.
10:12:46 INFO  : System reset is completed.
10:12:49 INFO  : 'after 3000' command is executed.
10:12:49 INFO  : Context for processor 'microblaze_0' is selected.
10:12:49 INFO  : The application 'C:/Users/adamj/Desktop/Vitis/Lab6/workspace/text_controller/Debug/text_controller.elf' is downloaded to processor 'microblaze_0'.
10:12:49 INFO  : ----------------XSDB Script----------------
connect -url tcp:127.0.0.1:3121
targets -set -filter {jtag_cable_name =~ "RealDigital Boo 8874042402C7A" && level==0 && jtag_device_ctx=="jsn1-0362f093-0"}
fpga -file C:/Users/adamj/Desktop/Vitis/Lab6/workspace/text_controller/_ide/bitstream/hdmi_text_controller_top.bit
targets -set -nocase -filter {name =~ "*microblaze*#0" && bscan=="USER2" }
loadhw -hw C:/Users/adamj/Desktop/Vitis/Lab6/workspace/hdmi_text_controller_wrapper/export/hdmi_text_controller_wrapper/hw/hdmi_text_controller_top.xsa -regs
configparams mdm-detect-bscan-mask 2
targets -set -nocase -filter {name =~ "*microblaze*#0" && bscan=="USER2" }
rst -system
after 3000
targets -set -nocase -filter {name =~ "*microblaze*#0" && bscan=="USER2" }
dow C:/Users/adamj/Desktop/Vitis/Lab6/workspace/text_controller/Debug/text_controller.elf
----------------End of Script----------------

10:12:49 INFO  : Context for processor 'microblaze_0' is selected.
10:12:49 INFO  : 'con' command is executed.
10:12:49 INFO  : ----------------XSDB Script (After Launch)----------------
targets -set -nocase -filter {name =~ "*microblaze*#0" && bscan=="USER2" }
con
----------------End of Script----------------

10:12:49 INFO  : Launch script is exported to file 'C:\Users\adamj\Desktop\Vitis\Lab6\workspace\text_controller_system\_ide\scripts\systemdebugger_text_controller_system_standalone.tcl'
10:13:13 INFO  : Checking for BSP changes to sync application flags for project 'text_controller'...
10:13:17 INFO  : Disconnected from the channel tcfchan#19.
10:13:17 INFO  : Connected to target on host '127.0.0.1' and port '3121'.
10:13:17 INFO  : Jtag cable 'RealDigital Boo 8874042402C7A' is selected.
10:13:17 INFO  : 'jtag frequency' command is executed.
10:13:18 INFO  : 'targets -set -filter {jtag_cable_name =~ "RealDigital Boo 8874042402C7A" && level==0 && jtag_device_ctx=="jsn1-0362f093-0"}' command is executed.
10:13:19 INFO  : Device configured successfully with "C:/Users/adamj/Desktop/Vitis/Lab6/workspace/text_controller/_ide/bitstream/hdmi_text_controller_top.bit"
10:13:19 INFO  : Context for processor 'microblaze_0' is selected.
10:13:19 INFO  : Hardware design and registers information is loaded from 'C:/Users/adamj/Desktop/Vitis/Lab6/workspace/hdmi_text_controller_wrapper/export/hdmi_text_controller_wrapper/hw/hdmi_text_controller_top.xsa'.
10:13:19 INFO  : 'configparams mdm-detect-bscan-mask 2' command is executed.
10:13:19 INFO  : Context for processor 'microblaze_0' is selected.
10:13:19 INFO  : System reset is completed.
10:13:22 INFO  : 'after 3000' command is executed.
10:13:22 INFO  : Context for processor 'microblaze_0' is selected.
10:13:22 INFO  : The application 'C:/Users/adamj/Desktop/Vitis/Lab6/workspace/text_controller/Debug/text_controller.elf' is downloaded to processor 'microblaze_0'.
10:13:22 INFO  : ----------------XSDB Script----------------
connect -url tcp:127.0.0.1:3121
targets -set -filter {jtag_cable_name =~ "RealDigital Boo 8874042402C7A" && level==0 && jtag_device_ctx=="jsn1-0362f093-0"}
fpga -file C:/Users/adamj/Desktop/Vitis/Lab6/workspace/text_controller/_ide/bitstream/hdmi_text_controller_top.bit
targets -set -nocase -filter {name =~ "*microblaze*#0" && bscan=="USER2" }
loadhw -hw C:/Users/adamj/Desktop/Vitis/Lab6/workspace/hdmi_text_controller_wrapper/export/hdmi_text_controller_wrapper/hw/hdmi_text_controller_top.xsa -regs
configparams mdm-detect-bscan-mask 2
targets -set -nocase -filter {name =~ "*microblaze*#0" && bscan=="USER2" }
rst -system
after 3000
targets -set -nocase -filter {name =~ "*microblaze*#0" && bscan=="USER2" }
dow C:/Users/adamj/Desktop/Vitis/Lab6/workspace/text_controller/Debug/text_controller.elf
----------------End of Script----------------

10:13:22 INFO  : Context for processor 'microblaze_0' is selected.
10:13:22 INFO  : 'con' command is executed.
10:13:22 INFO  : ----------------XSDB Script (After Launch)----------------
targets -set -nocase -filter {name =~ "*microblaze*#0" && bscan=="USER2" }
con
----------------End of Script----------------

10:13:22 INFO  : Launch script is exported to file 'C:\Users\adamj\Desktop\Vitis\Lab6\workspace\text_controller_system\_ide\scripts\systemdebugger_text_controller_system_standalone.tcl'
10:14:56 INFO  : Disconnected from the channel tcfchan#20.
10:14:56 INFO  : Connected to target on host '127.0.0.1' and port '3121'.
10:14:56 INFO  : Jtag cable 'RealDigital Boo 8874042402C7A' is selected.
10:14:56 INFO  : 'jtag frequency' command is executed.
10:14:56 INFO  : 'targets -set -filter {jtag_cable_name =~ "RealDigital Boo 8874042402C7A" && level==0 && jtag_device_ctx=="jsn1-0362f093-0"}' command is executed.
10:14:58 INFO  : Device configured successfully with "C:/Users/adamj/Desktop/Vitis/Lab6/workspace/text_controller/_ide/bitstream/hdmi_text_controller_top.bit"
10:14:58 INFO  : Context for processor 'microblaze_0' is selected.
10:14:58 INFO  : Hardware design and registers information is loaded from 'C:/Users/adamj/Desktop/Vitis/Lab6/workspace/hdmi_text_controller_wrapper/export/hdmi_text_controller_wrapper/hw/hdmi_text_controller_top.xsa'.
10:14:58 INFO  : 'configparams mdm-detect-bscan-mask 2' command is executed.
10:14:58 INFO  : Context for processor 'microblaze_0' is selected.
10:14:58 INFO  : System reset is completed.
10:15:01 INFO  : 'after 3000' command is executed.
10:15:01 INFO  : Context for processor 'microblaze_0' is selected.
10:15:01 INFO  : The application 'C:/Users/adamj/Desktop/Vitis/Lab6/workspace/text_controller/Debug/text_controller.elf' is downloaded to processor 'microblaze_0'.
10:15:01 INFO  : ----------------XSDB Script----------------
connect -url tcp:127.0.0.1:3121
targets -set -filter {jtag_cable_name =~ "RealDigital Boo 8874042402C7A" && level==0 && jtag_device_ctx=="jsn1-0362f093-0"}
fpga -file C:/Users/adamj/Desktop/Vitis/Lab6/workspace/text_controller/_ide/bitstream/hdmi_text_controller_top.bit
targets -set -nocase -filter {name =~ "*microblaze*#0" && bscan=="USER2" }
loadhw -hw C:/Users/adamj/Desktop/Vitis/Lab6/workspace/hdmi_text_controller_wrapper/export/hdmi_text_controller_wrapper/hw/hdmi_text_controller_top.xsa -regs
configparams mdm-detect-bscan-mask 2
targets -set -nocase -filter {name =~ "*microblaze*#0" && bscan=="USER2" }
rst -system
after 3000
targets -set -nocase -filter {name =~ "*microblaze*#0" && bscan=="USER2" }
dow C:/Users/adamj/Desktop/Vitis/Lab6/workspace/text_controller/Debug/text_controller.elf
----------------End of Script----------------

10:15:01 INFO  : Context for processor 'microblaze_0' is selected.
10:15:01 INFO  : 'con' command is executed.
10:15:01 INFO  : ----------------XSDB Script (After Launch)----------------
targets -set -nocase -filter {name =~ "*microblaze*#0" && bscan=="USER2" }
con
----------------End of Script----------------

10:15:01 INFO  : Launch script is exported to file 'C:\Users\adamj\Desktop\Vitis\Lab6\workspace\text_controller_system\_ide\scripts\systemdebugger_text_controller_system_standalone.tcl'
10:18:24 INFO  : Disconnected from the channel tcfchan#21.
10:18:24 INFO  : Connected to target on host '127.0.0.1' and port '3121'.
10:18:24 INFO  : Jtag cable 'RealDigital Boo 8874042402C7A' is selected.
10:18:24 INFO  : 'jtag frequency' command is executed.
10:18:24 INFO  : 'targets -set -filter {jtag_cable_name =~ "RealDigital Boo 8874042402C7A" && level==0 && jtag_device_ctx=="jsn1-0362f093-0"}' command is executed.
10:18:26 INFO  : Device configured successfully with "C:/Users/adamj/Desktop/Vitis/Lab6/workspace/text_controller/_ide/bitstream/hdmi_text_controller_top.bit"
10:18:26 INFO  : Context for processor 'microblaze_0' is selected.
10:18:26 INFO  : Hardware design and registers information is loaded from 'C:/Users/adamj/Desktop/Vitis/Lab6/workspace/hdmi_text_controller_wrapper/export/hdmi_text_controller_wrapper/hw/hdmi_text_controller_top.xsa'.
10:18:26 INFO  : 'configparams mdm-detect-bscan-mask 2' command is executed.
10:18:26 INFO  : Context for processor 'microblaze_0' is selected.
10:18:26 INFO  : System reset is completed.
10:18:29 INFO  : 'after 3000' command is executed.
10:18:29 INFO  : Context for processor 'microblaze_0' is selected.
10:18:29 INFO  : The application 'C:/Users/adamj/Desktop/Vitis/Lab6/workspace/text_controller/Debug/text_controller.elf' is downloaded to processor 'microblaze_0'.
10:18:29 INFO  : ----------------XSDB Script----------------
connect -url tcp:127.0.0.1:3121
targets -set -filter {jtag_cable_name =~ "RealDigital Boo 8874042402C7A" && level==0 && jtag_device_ctx=="jsn1-0362f093-0"}
fpga -file C:/Users/adamj/Desktop/Vitis/Lab6/workspace/text_controller/_ide/bitstream/hdmi_text_controller_top.bit
targets -set -nocase -filter {name =~ "*microblaze*#0" && bscan=="USER2" }
loadhw -hw C:/Users/adamj/Desktop/Vitis/Lab6/workspace/hdmi_text_controller_wrapper/export/hdmi_text_controller_wrapper/hw/hdmi_text_controller_top.xsa -regs
configparams mdm-detect-bscan-mask 2
targets -set -nocase -filter {name =~ "*microblaze*#0" && bscan=="USER2" }
rst -system
after 3000
targets -set -nocase -filter {name =~ "*microblaze*#0" && bscan=="USER2" }
dow C:/Users/adamj/Desktop/Vitis/Lab6/workspace/text_controller/Debug/text_controller.elf
----------------End of Script----------------

10:18:29 INFO  : Context for processor 'microblaze_0' is selected.
10:18:29 INFO  : 'con' command is executed.
10:18:29 INFO  : ----------------XSDB Script (After Launch)----------------
targets -set -nocase -filter {name =~ "*microblaze*#0" && bscan=="USER2" }
con
----------------End of Script----------------

10:18:29 INFO  : Launch script is exported to file 'C:\Users\adamj\Desktop\Vitis\Lab6\workspace\text_controller_system\_ide\scripts\systemdebugger_text_controller_system_standalone.tcl'
10:21:15 INFO  : Disconnected from the channel tcfchan#22.
10:21:25 INFO  : Connected to target on host '127.0.0.1' and port '3121'.
10:21:26 INFO  : Jtag cable 'RealDigital Boo 8874042402C7A' is selected.
10:21:26 INFO  : 'jtag frequency' command is executed.
10:21:26 INFO  : 'targets -set -filter {jtag_cable_name =~ "RealDigital Boo 8874042402C7A" && level==0 && jtag_device_ctx=="jsn1-0362f093-0"}' command is executed.
10:21:27 INFO  : Device configured successfully with "C:/Users/adamj/Desktop/Vitis/Lab6/workspace/text_controller/_ide/bitstream/hdmi_text_controller_top.bit"
10:21:27 INFO  : Context for processor 'microblaze_0' is selected.
10:21:27 INFO  : Hardware design and registers information is loaded from 'C:/Users/adamj/Desktop/Vitis/Lab6/workspace/hdmi_text_controller_wrapper/export/hdmi_text_controller_wrapper/hw/hdmi_text_controller_top.xsa'.
10:21:27 INFO  : 'configparams mdm-detect-bscan-mask 2' command is executed.
10:21:27 INFO  : Context for processor 'microblaze_0' is selected.
10:21:27 INFO  : System reset is completed.
10:21:30 INFO  : 'after 3000' command is executed.
10:21:30 INFO  : Context for processor 'microblaze_0' is selected.
10:21:31 INFO  : The application 'C:/Users/adamj/Desktop/Vitis/Lab6/workspace/text_controller/Debug/text_controller.elf' is downloaded to processor 'microblaze_0'.
10:21:31 INFO  : ----------------XSDB Script----------------
connect -url tcp:127.0.0.1:3121
targets -set -filter {jtag_cable_name =~ "RealDigital Boo 8874042402C7A" && level==0 && jtag_device_ctx=="jsn1-0362f093-0"}
fpga -file C:/Users/adamj/Desktop/Vitis/Lab6/workspace/text_controller/_ide/bitstream/hdmi_text_controller_top.bit
targets -set -nocase -filter {name =~ "*microblaze*#0" && bscan=="USER2" }
loadhw -hw C:/Users/adamj/Desktop/Vitis/Lab6/workspace/hdmi_text_controller_wrapper/export/hdmi_text_controller_wrapper/hw/hdmi_text_controller_top.xsa -regs
configparams mdm-detect-bscan-mask 2
targets -set -nocase -filter {name =~ "*microblaze*#0" && bscan=="USER2" }
rst -system
after 3000
targets -set -nocase -filter {name =~ "*microblaze*#0" && bscan=="USER2" }
dow C:/Users/adamj/Desktop/Vitis/Lab6/workspace/text_controller/Debug/text_controller.elf
----------------End of Script----------------

10:21:31 INFO  : Context for processor 'microblaze_0' is selected.
10:21:31 INFO  : 'con' command is executed.
10:21:31 INFO  : ----------------XSDB Script (After Launch)----------------
targets -set -nocase -filter {name =~ "*microblaze*#0" && bscan=="USER2" }
con
----------------End of Script----------------

10:21:31 INFO  : Launch script is exported to file 'C:\Users\adamj\Desktop\Vitis\Lab6\workspace\text_controller_system\_ide\scripts\systemdebugger_text_controller_system_standalone.tcl'
10:27:11 INFO  : Disconnected from the channel tcfchan#23.
10:27:12 INFO  : Connected to target on host '127.0.0.1' and port '3121'.
10:27:12 INFO  : Jtag cable 'RealDigital Boo 8874042402C7A' is selected.
10:27:12 INFO  : 'jtag frequency' command is executed.
10:27:12 INFO  : 'targets -set -filter {jtag_cable_name =~ "RealDigital Boo 8874042402C7A" && level==0 && jtag_device_ctx=="jsn1-0362f093-0"}' command is executed.
10:27:14 INFO  : Device configured successfully with "C:/Users/adamj/Desktop/Vitis/Lab6/workspace/text_controller/_ide/bitstream/hdmi_text_controller_top.bit"
10:27:14 INFO  : Context for processor 'microblaze_0' is selected.
10:27:14 INFO  : Hardware design and registers information is loaded from 'C:/Users/adamj/Desktop/Vitis/Lab6/workspace/hdmi_text_controller_wrapper/export/hdmi_text_controller_wrapper/hw/hdmi_text_controller_top.xsa'.
10:27:14 INFO  : 'configparams mdm-detect-bscan-mask 2' command is executed.
10:27:14 INFO  : Context for processor 'microblaze_0' is selected.
10:27:14 INFO  : System reset is completed.
10:27:17 INFO  : 'after 3000' command is executed.
10:27:17 INFO  : Context for processor 'microblaze_0' is selected.
10:27:17 INFO  : The application 'C:/Users/adamj/Desktop/Vitis/Lab6/workspace/text_controller/Debug/text_controller.elf' is downloaded to processor 'microblaze_0'.
10:27:17 INFO  : ----------------XSDB Script----------------
connect -url tcp:127.0.0.1:3121
targets -set -filter {jtag_cable_name =~ "RealDigital Boo 8874042402C7A" && level==0 && jtag_device_ctx=="jsn1-0362f093-0"}
fpga -file C:/Users/adamj/Desktop/Vitis/Lab6/workspace/text_controller/_ide/bitstream/hdmi_text_controller_top.bit
targets -set -nocase -filter {name =~ "*microblaze*#0" && bscan=="USER2" }
loadhw -hw C:/Users/adamj/Desktop/Vitis/Lab6/workspace/hdmi_text_controller_wrapper/export/hdmi_text_controller_wrapper/hw/hdmi_text_controller_top.xsa -regs
configparams mdm-detect-bscan-mask 2
targets -set -nocase -filter {name =~ "*microblaze*#0" && bscan=="USER2" }
rst -system
after 3000
targets -set -nocase -filter {name =~ "*microblaze*#0" && bscan=="USER2" }
dow C:/Users/adamj/Desktop/Vitis/Lab6/workspace/text_controller/Debug/text_controller.elf
----------------End of Script----------------

10:27:17 INFO  : Context for processor 'microblaze_0' is selected.
10:27:17 INFO  : 'con' command is executed.
10:27:17 INFO  : ----------------XSDB Script (After Launch)----------------
targets -set -nocase -filter {name =~ "*microblaze*#0" && bscan=="USER2" }
con
----------------End of Script----------------

10:27:17 INFO  : Launch script is exported to file 'C:\Users\adamj\Desktop\Vitis\Lab6\workspace\text_controller_system\_ide\scripts\systemdebugger_text_controller_system_standalone.tcl'
10:28:13 INFO  : Disconnected from the channel tcfchan#24.
10:28:13 INFO  : Connected to target on host '127.0.0.1' and port '3121'.
10:28:14 INFO  : Jtag cable 'RealDigital Boo 8874042402C7A' is selected.
10:28:14 INFO  : 'jtag frequency' command is executed.
10:28:14 INFO  : 'targets -set -filter {jtag_cable_name =~ "RealDigital Boo 8874042402C7A" && level==0 && jtag_device_ctx=="jsn1-0362f093-0"}' command is executed.
10:28:15 INFO  : Device configured successfully with "C:/Users/adamj/Desktop/Vitis/Lab6/workspace/text_controller/_ide/bitstream/hdmi_text_controller_top.bit"
10:28:15 INFO  : Context for processor 'microblaze_0' is selected.
10:28:15 INFO  : Hardware design and registers information is loaded from 'C:/Users/adamj/Desktop/Vitis/Lab6/workspace/hdmi_text_controller_wrapper/export/hdmi_text_controller_wrapper/hw/hdmi_text_controller_top.xsa'.
10:28:15 INFO  : 'configparams mdm-detect-bscan-mask 2' command is executed.
10:28:15 INFO  : Context for processor 'microblaze_0' is selected.
10:28:15 INFO  : System reset is completed.
10:28:18 INFO  : 'after 3000' command is executed.
10:28:18 INFO  : Context for processor 'microblaze_0' is selected.
10:28:19 INFO  : The application 'C:/Users/adamj/Desktop/Vitis/Lab6/workspace/text_controller/Debug/text_controller.elf' is downloaded to processor 'microblaze_0'.
10:28:19 INFO  : ----------------XSDB Script----------------
connect -url tcp:127.0.0.1:3121
targets -set -filter {jtag_cable_name =~ "RealDigital Boo 8874042402C7A" && level==0 && jtag_device_ctx=="jsn1-0362f093-0"}
fpga -file C:/Users/adamj/Desktop/Vitis/Lab6/workspace/text_controller/_ide/bitstream/hdmi_text_controller_top.bit
targets -set -nocase -filter {name =~ "*microblaze*#0" && bscan=="USER2" }
loadhw -hw C:/Users/adamj/Desktop/Vitis/Lab6/workspace/hdmi_text_controller_wrapper/export/hdmi_text_controller_wrapper/hw/hdmi_text_controller_top.xsa -regs
configparams mdm-detect-bscan-mask 2
targets -set -nocase -filter {name =~ "*microblaze*#0" && bscan=="USER2" }
rst -system
after 3000
targets -set -nocase -filter {name =~ "*microblaze*#0" && bscan=="USER2" }
dow C:/Users/adamj/Desktop/Vitis/Lab6/workspace/text_controller/Debug/text_controller.elf
----------------End of Script----------------

10:28:19 INFO  : Context for processor 'microblaze_0' is selected.
10:28:19 INFO  : 'con' command is executed.
10:28:19 INFO  : ----------------XSDB Script (After Launch)----------------
targets -set -nocase -filter {name =~ "*microblaze*#0" && bscan=="USER2" }
con
----------------End of Script----------------

10:28:19 INFO  : Launch script is exported to file 'C:\Users\adamj\Desktop\Vitis\Lab6\workspace\text_controller_system\_ide\scripts\systemdebugger_text_controller_system_standalone.tcl'
10:29:08 INFO  : Disconnected from the channel tcfchan#25.
10:29:09 INFO  : Connected to target on host '127.0.0.1' and port '3121'.
10:29:09 INFO  : Jtag cable 'RealDigital Boo 8874042402C7A' is selected.
10:29:09 INFO  : 'jtag frequency' command is executed.
10:29:09 INFO  : 'targets -set -filter {jtag_cable_name =~ "RealDigital Boo 8874042402C7A" && level==0 && jtag_device_ctx=="jsn1-0362f093-0"}' command is executed.
10:29:10 INFO  : Device configured successfully with "C:/Users/adamj/Desktop/Vitis/Lab6/workspace/text_controller/_ide/bitstream/hdmi_text_controller_top.bit"
10:29:10 INFO  : Context for processor 'microblaze_0' is selected.
10:29:10 INFO  : Hardware design and registers information is loaded from 'C:/Users/adamj/Desktop/Vitis/Lab6/workspace/hdmi_text_controller_wrapper/export/hdmi_text_controller_wrapper/hw/hdmi_text_controller_top.xsa'.
10:29:10 INFO  : 'configparams mdm-detect-bscan-mask 2' command is executed.
10:29:10 INFO  : Context for processor 'microblaze_0' is selected.
10:29:10 INFO  : System reset is completed.
10:29:13 INFO  : 'after 3000' command is executed.
10:29:13 INFO  : Context for processor 'microblaze_0' is selected.
10:29:14 INFO  : The application 'C:/Users/adamj/Desktop/Vitis/Lab6/workspace/text_controller/Debug/text_controller.elf' is downloaded to processor 'microblaze_0'.
10:29:14 INFO  : ----------------XSDB Script----------------
connect -url tcp:127.0.0.1:3121
targets -set -filter {jtag_cable_name =~ "RealDigital Boo 8874042402C7A" && level==0 && jtag_device_ctx=="jsn1-0362f093-0"}
fpga -file C:/Users/adamj/Desktop/Vitis/Lab6/workspace/text_controller/_ide/bitstream/hdmi_text_controller_top.bit
targets -set -nocase -filter {name =~ "*microblaze*#0" && bscan=="USER2" }
loadhw -hw C:/Users/adamj/Desktop/Vitis/Lab6/workspace/hdmi_text_controller_wrapper/export/hdmi_text_controller_wrapper/hw/hdmi_text_controller_top.xsa -regs
configparams mdm-detect-bscan-mask 2
targets -set -nocase -filter {name =~ "*microblaze*#0" && bscan=="USER2" }
rst -system
after 3000
targets -set -nocase -filter {name =~ "*microblaze*#0" && bscan=="USER2" }
dow C:/Users/adamj/Desktop/Vitis/Lab6/workspace/text_controller/Debug/text_controller.elf
----------------End of Script----------------

10:29:14 INFO  : Context for processor 'microblaze_0' is selected.
10:29:14 INFO  : 'con' command is executed.
10:29:14 INFO  : ----------------XSDB Script (After Launch)----------------
targets -set -nocase -filter {name =~ "*microblaze*#0" && bscan=="USER2" }
con
----------------End of Script----------------

10:29:14 INFO  : Launch script is exported to file 'C:\Users\adamj\Desktop\Vitis\Lab6\workspace\text_controller_system\_ide\scripts\systemdebugger_text_controller_system_standalone.tcl'
10:30:27 INFO  : Disconnected from the channel tcfchan#26.
10:30:27 INFO  : Connected to target on host '127.0.0.1' and port '3121'.
10:30:27 INFO  : Jtag cable 'RealDigital Boo 8874042402C7A' is selected.
10:30:27 INFO  : 'jtag frequency' command is executed.
10:30:27 INFO  : 'targets -set -filter {jtag_cable_name =~ "RealDigital Boo 8874042402C7A" && level==0 && jtag_device_ctx=="jsn1-0362f093-0"}' command is executed.
10:30:29 INFO  : Device configured successfully with "C:/Users/adamj/Desktop/Vitis/Lab6/workspace/text_controller/_ide/bitstream/hdmi_text_controller_top.bit"
10:30:29 INFO  : Context for processor 'microblaze_0' is selected.
10:30:29 INFO  : Hardware design and registers information is loaded from 'C:/Users/adamj/Desktop/Vitis/Lab6/workspace/hdmi_text_controller_wrapper/export/hdmi_text_controller_wrapper/hw/hdmi_text_controller_top.xsa'.
10:30:29 INFO  : 'configparams mdm-detect-bscan-mask 2' command is executed.
10:30:29 INFO  : Context for processor 'microblaze_0' is selected.
10:30:29 INFO  : System reset is completed.
10:30:32 INFO  : 'after 3000' command is executed.
10:30:32 INFO  : Context for processor 'microblaze_0' is selected.
10:30:32 INFO  : The application 'C:/Users/adamj/Desktop/Vitis/Lab6/workspace/text_controller/Debug/text_controller.elf' is downloaded to processor 'microblaze_0'.
10:30:32 INFO  : ----------------XSDB Script----------------
connect -url tcp:127.0.0.1:3121
targets -set -filter {jtag_cable_name =~ "RealDigital Boo 8874042402C7A" && level==0 && jtag_device_ctx=="jsn1-0362f093-0"}
fpga -file C:/Users/adamj/Desktop/Vitis/Lab6/workspace/text_controller/_ide/bitstream/hdmi_text_controller_top.bit
targets -set -nocase -filter {name =~ "*microblaze*#0" && bscan=="USER2" }
loadhw -hw C:/Users/adamj/Desktop/Vitis/Lab6/workspace/hdmi_text_controller_wrapper/export/hdmi_text_controller_wrapper/hw/hdmi_text_controller_top.xsa -regs
configparams mdm-detect-bscan-mask 2
targets -set -nocase -filter {name =~ "*microblaze*#0" && bscan=="USER2" }
rst -system
after 3000
targets -set -nocase -filter {name =~ "*microblaze*#0" && bscan=="USER2" }
dow C:/Users/adamj/Desktop/Vitis/Lab6/workspace/text_controller/Debug/text_controller.elf
----------------End of Script----------------

10:30:33 INFO  : Context for processor 'microblaze_0' is selected.
10:30:33 INFO  : 'con' command is executed.
10:30:33 INFO  : ----------------XSDB Script (After Launch)----------------
targets -set -nocase -filter {name =~ "*microblaze*#0" && bscan=="USER2" }
con
----------------End of Script----------------

10:30:33 INFO  : Launch script is exported to file 'C:\Users\adamj\Desktop\Vitis\Lab6\workspace\text_controller_system\_ide\scripts\systemdebugger_text_controller_system_standalone.tcl'
11:53:31 INFO  : Hardware specification for platform project 'hdmi_text_controller_wrapper' is updated.
11:54:17 INFO  : Result from executing command 'removePlatformRepo': 
11:55:02 INFO  : Result from executing command 'getProjects': hdmi_text_controller_wrapper
11:55:02 INFO  : Result from executing command 'getPlatforms': xilinx_vck190_base_202220_1|C:/Xilinx/Vitis/2022.2/base_platforms/xilinx_vck190_base_202220_1/xilinx_vck190_base_202220_1.xpfm;xilinx_vck190_base_dfx_202220_1|C:/Xilinx/Vitis/2022.2/base_platforms/xilinx_vck190_base_dfx_202220_1/xilinx_vck190_base_dfx_202220_1.xpfm;xilinx_vmk180_base_202220_1|C:/Xilinx/Vitis/2022.2/base_platforms/xilinx_vmk180_base_202220_1/xilinx_vmk180_base_202220_1.xpfm;xilinx_zcu102_base_202220_1|C:/Xilinx/Vitis/2022.2/base_platforms/xilinx_zcu102_base_202220_1/xilinx_zcu102_base_202220_1.xpfm;xilinx_zcu102_base_dfx_202220_1|C:/Xilinx/Vitis/2022.2/base_platforms/xilinx_zcu102_base_dfx_202220_1/xilinx_zcu102_base_dfx_202220_1.xpfm;xilinx_zcu104_base_202220_1|C:/Xilinx/Vitis/2022.2/base_platforms/xilinx_zcu104_base_202220_1/xilinx_zcu104_base_202220_1.xpfm
11:55:03 INFO  : Checking for BSP changes to sync application flags for project 'text_controller'...
11:55:19 INFO  : The hardware specification used by project 'text_controller' is out of sync with the platform. Resource files extracted from the hardware specification will be updated.
11:55:19 INFO  : The file 'C:\Users\adamj\Desktop\Vitis\Lab6\workspace\text_controller\_ide\bitstream\hdmi_text_controller_top.bit' stored in project is removed.
11:55:19 INFO  : The file 'C:\Users\adamj\Desktop\Vitis\Lab6\workspace\text_controller\_ide\bitstream\hdmi_text_controller_top.mmi' stored in project is removed.
11:55:19 INFO  : The updated bitstream files are copied from platform to folder 'C:\Users\adamj\Desktop\Vitis\Lab6\workspace\text_controller\_ide\bitstream' in project 'text_controller'.
11:55:29 INFO  : Disconnected from the channel tcfchan#27.
11:55:29 INFO  : Connected to target on host '127.0.0.1' and port '3121'.
11:55:30 INFO  : Jtag cable 'RealDigital Boo 8874042402C7A' is selected.
11:55:30 INFO  : 'jtag frequency' command is executed.
11:55:30 INFO  : 'targets -set -filter {jtag_cable_name =~ "RealDigital Boo 8874042402C7A" && level==0 && jtag_device_ctx=="jsn1-0362f093-0"}' command is executed.
11:55:31 INFO  : Device configured successfully with "C:/Users/adamj/Desktop/Vitis/Lab6/workspace/text_controller/_ide/bitstream/hdmi_text_controller_top.bit"
11:55:31 INFO  : Context for processor 'microblaze_0' is selected.
11:55:32 INFO  : Hardware design and registers information is loaded from 'C:/Users/adamj/Desktop/Vitis/Lab6/workspace/hdmi_text_controller_wrapper/export/hdmi_text_controller_wrapper/hw/hdmi_text_controller_top.xsa'.
11:55:32 INFO  : 'configparams mdm-detect-bscan-mask 2' command is executed.
11:55:32 INFO  : Context for processor 'microblaze_0' is selected.
11:55:32 INFO  : System reset is completed.
11:55:35 INFO  : 'after 3000' command is executed.
11:55:35 INFO  : Context for processor 'microblaze_0' is selected.
11:55:35 INFO  : The application 'C:/Users/adamj/Desktop/Vitis/Lab6/workspace/text_controller/Debug/text_controller.elf' is downloaded to processor 'microblaze_0'.
11:55:35 INFO  : ----------------XSDB Script----------------
connect -url tcp:127.0.0.1:3121
targets -set -filter {jtag_cable_name =~ "RealDigital Boo 8874042402C7A" && level==0 && jtag_device_ctx=="jsn1-0362f093-0"}
fpga -file C:/Users/adamj/Desktop/Vitis/Lab6/workspace/text_controller/_ide/bitstream/hdmi_text_controller_top.bit
targets -set -nocase -filter {name =~ "*microblaze*#0" && bscan=="USER2" }
loadhw -hw C:/Users/adamj/Desktop/Vitis/Lab6/workspace/hdmi_text_controller_wrapper/export/hdmi_text_controller_wrapper/hw/hdmi_text_controller_top.xsa -regs
configparams mdm-detect-bscan-mask 2
targets -set -nocase -filter {name =~ "*microblaze*#0" && bscan=="USER2" }
rst -system
after 3000
targets -set -nocase -filter {name =~ "*microblaze*#0" && bscan=="USER2" }
dow C:/Users/adamj/Desktop/Vitis/Lab6/workspace/text_controller/Debug/text_controller.elf
----------------End of Script----------------

11:55:35 INFO  : Context for processor 'microblaze_0' is selected.
11:55:35 INFO  : 'con' command is executed.
11:55:35 INFO  : ----------------XSDB Script (After Launch)----------------
targets -set -nocase -filter {name =~ "*microblaze*#0" && bscan=="USER2" }
con
----------------End of Script----------------

11:55:35 INFO  : Launch script is exported to file 'C:\Users\adamj\Desktop\Vitis\Lab6\workspace\text_controller_system\_ide\scripts\systemdebugger_text_controller_system_standalone.tcl'
12:29:47 INFO  : Hardware specification for platform project 'hdmi_text_controller_wrapper' is updated.
12:29:56 INFO  : Result from executing command 'removePlatformRepo': 
12:30:17 INFO  : Result from executing command 'getProjects': hdmi_text_controller_wrapper
12:30:18 INFO  : Result from executing command 'getPlatforms': xilinx_vck190_base_202220_1|C:/Xilinx/Vitis/2022.2/base_platforms/xilinx_vck190_base_202220_1/xilinx_vck190_base_202220_1.xpfm;xilinx_vck190_base_dfx_202220_1|C:/Xilinx/Vitis/2022.2/base_platforms/xilinx_vck190_base_dfx_202220_1/xilinx_vck190_base_dfx_202220_1.xpfm;xilinx_vmk180_base_202220_1|C:/Xilinx/Vitis/2022.2/base_platforms/xilinx_vmk180_base_202220_1/xilinx_vmk180_base_202220_1.xpfm;xilinx_zcu102_base_202220_1|C:/Xilinx/Vitis/2022.2/base_platforms/xilinx_zcu102_base_202220_1/xilinx_zcu102_base_202220_1.xpfm;xilinx_zcu102_base_dfx_202220_1|C:/Xilinx/Vitis/2022.2/base_platforms/xilinx_zcu102_base_dfx_202220_1/xilinx_zcu102_base_dfx_202220_1.xpfm;xilinx_zcu104_base_202220_1|C:/Xilinx/Vitis/2022.2/base_platforms/xilinx_zcu104_base_202220_1/xilinx_zcu104_base_202220_1.xpfm
12:30:19 INFO  : Checking for BSP changes to sync application flags for project 'text_controller'...
12:30:22 INFO  : The hardware specification used by project 'text_controller' is out of sync with the platform. Resource files extracted from the hardware specification will be updated.
12:30:22 INFO  : The file 'C:\Users\adamj\Desktop\Vitis\Lab6\workspace\text_controller\_ide\bitstream\hdmi_text_controller_top.bit' stored in project is removed.
12:30:22 INFO  : The file 'C:\Users\adamj\Desktop\Vitis\Lab6\workspace\text_controller\_ide\bitstream\hdmi_text_controller_top.mmi' stored in project is removed.
12:30:22 INFO  : The updated bitstream files are copied from platform to folder 'C:\Users\adamj\Desktop\Vitis\Lab6\workspace\text_controller\_ide\bitstream' in project 'text_controller'.
12:30:27 INFO  : Disconnected from the channel tcfchan#30.
12:30:27 INFO  : Connected to target on host '127.0.0.1' and port '3121'.
12:30:27 INFO  : Jtag cable 'RealDigital Boo 8874042402C7A' is selected.
12:30:27 INFO  : 'jtag frequency' command is executed.
12:30:27 INFO  : 'targets -set -filter {jtag_cable_name =~ "RealDigital Boo 8874042402C7A" && level==0 && jtag_device_ctx=="jsn1-0362f093-0"}' command is executed.
12:30:29 INFO  : Device configured successfully with "C:/Users/adamj/Desktop/Vitis/Lab6/workspace/text_controller/_ide/bitstream/hdmi_text_controller_top.bit"
12:30:29 INFO  : Context for processor 'microblaze_0' is selected.
12:30:29 INFO  : Hardware design and registers information is loaded from 'C:/Users/adamj/Desktop/Vitis/Lab6/workspace/hdmi_text_controller_wrapper/export/hdmi_text_controller_wrapper/hw/hdmi_text_controller_top.xsa'.
12:30:29 INFO  : 'configparams mdm-detect-bscan-mask 2' command is executed.
12:30:29 INFO  : Context for processor 'microblaze_0' is selected.
12:30:29 INFO  : System reset is completed.
12:30:32 INFO  : 'after 3000' command is executed.
12:30:32 INFO  : Context for processor 'microblaze_0' is selected.
12:30:32 INFO  : The application 'C:/Users/adamj/Desktop/Vitis/Lab6/workspace/text_controller/Debug/text_controller.elf' is downloaded to processor 'microblaze_0'.
12:30:32 INFO  : ----------------XSDB Script----------------
connect -url tcp:127.0.0.1:3121
targets -set -filter {jtag_cable_name =~ "RealDigital Boo 8874042402C7A" && level==0 && jtag_device_ctx=="jsn1-0362f093-0"}
fpga -file C:/Users/adamj/Desktop/Vitis/Lab6/workspace/text_controller/_ide/bitstream/hdmi_text_controller_top.bit
targets -set -nocase -filter {name =~ "*microblaze*#0" && bscan=="USER2" }
loadhw -hw C:/Users/adamj/Desktop/Vitis/Lab6/workspace/hdmi_text_controller_wrapper/export/hdmi_text_controller_wrapper/hw/hdmi_text_controller_top.xsa -regs
configparams mdm-detect-bscan-mask 2
targets -set -nocase -filter {name =~ "*microblaze*#0" && bscan=="USER2" }
rst -system
after 3000
targets -set -nocase -filter {name =~ "*microblaze*#0" && bscan=="USER2" }
dow C:/Users/adamj/Desktop/Vitis/Lab6/workspace/text_controller/Debug/text_controller.elf
----------------End of Script----------------

12:30:32 INFO  : Context for processor 'microblaze_0' is selected.
12:30:32 INFO  : 'con' command is executed.
12:30:32 INFO  : ----------------XSDB Script (After Launch)----------------
targets -set -nocase -filter {name =~ "*microblaze*#0" && bscan=="USER2" }
con
----------------End of Script----------------

12:30:32 INFO  : Launch script is exported to file 'C:\Users\adamj\Desktop\Vitis\Lab6\workspace\text_controller_system\_ide\scripts\systemdebugger_text_controller_system_standalone.tcl'
12:32:34 INFO  : Disconnected from the channel tcfchan#33.
12:32:42 INFO  : Connected to target on host '127.0.0.1' and port '3121'.
12:32:43 INFO  : Jtag cable 'RealDigital Boo 8874042402C7A' is selected.
12:32:43 INFO  : 'jtag frequency' command is executed.
12:32:43 INFO  : 'targets -set -filter {jtag_cable_name =~ "RealDigital Boo 8874042402C7A" && level==0 && jtag_device_ctx=="jsn1-0362f093-0"}' command is executed.
12:32:45 INFO  : Device configured successfully with "C:/Users/adamj/Desktop/Vitis/Lab6/workspace/text_controller/_ide/bitstream/hdmi_text_controller_top.bit"
12:32:56 INFO  : Context for processor 'microblaze_0' is selected.
12:32:56 INFO  : Hardware design and registers information is loaded from 'C:/Users/adamj/Desktop/Vitis/Lab6/workspace/hdmi_text_controller_wrapper/export/hdmi_text_controller_wrapper/hw/hdmi_text_controller_top.xsa'.
12:32:56 INFO  : 'configparams mdm-detect-bscan-mask 2' command is executed.
12:32:56 INFO  : Context for processor 'microblaze_0' is selected.
12:32:56 INFO  : System reset is completed.
12:32:59 INFO  : 'after 3000' command is executed.
12:32:59 INFO  : Context for processor 'microblaze_0' is selected.
12:33:00 INFO  : The application 'C:/Users/adamj/Desktop/Vitis/Lab6/workspace/text_controller/Debug/text_controller.elf' is downloaded to processor 'microblaze_0'.
12:33:00 INFO  : ----------------XSDB Script----------------
connect -url tcp:127.0.0.1:3121
targets -set -filter {jtag_cable_name =~ "RealDigital Boo 8874042402C7A" && level==0 && jtag_device_ctx=="jsn1-0362f093-0"}
fpga -file C:/Users/adamj/Desktop/Vitis/Lab6/workspace/text_controller/_ide/bitstream/hdmi_text_controller_top.bit
targets -set -nocase -filter {name =~ "*microblaze*#0" && bscan=="USER2" }
loadhw -hw C:/Users/adamj/Desktop/Vitis/Lab6/workspace/hdmi_text_controller_wrapper/export/hdmi_text_controller_wrapper/hw/hdmi_text_controller_top.xsa -regs
configparams mdm-detect-bscan-mask 2
targets -set -nocase -filter {name =~ "*microblaze*#0" && bscan=="USER2" }
rst -system
after 3000
targets -set -nocase -filter {name =~ "*microblaze*#0" && bscan=="USER2" }
dow C:/Users/adamj/Desktop/Vitis/Lab6/workspace/text_controller/Debug/text_controller.elf
----------------End of Script----------------

12:33:00 INFO  : Context for processor 'microblaze_0' is selected.
12:33:00 INFO  : 'con' command is executed.
12:33:00 INFO  : ----------------XSDB Script (After Launch)----------------
targets -set -nocase -filter {name =~ "*microblaze*#0" && bscan=="USER2" }
con
----------------End of Script----------------

12:33:00 INFO  : Launch script is exported to file 'C:\Users\adamj\Desktop\Vitis\Lab6\workspace\text_controller_system\_ide\scripts\systemdebugger_text_controller_system_standalone.tcl'
12:34:30 INFO  : Disconnected from the channel tcfchan#34.
12:34:31 INFO  : Connected to target on host '127.0.0.1' and port '3121'.
12:34:32 INFO  : Jtag cable 'RealDigital Boo 8874042402C7A' is selected.
12:34:32 INFO  : 'jtag frequency' command is executed.
12:34:32 INFO  : 'targets -set -filter {jtag_cable_name =~ "RealDigital Boo 8874042402C7A" && level==0 && jtag_device_ctx=="jsn1-0362f093-0"}' command is executed.
12:34:33 INFO  : Device configured successfully with "C:/Users/adamj/Desktop/Vitis/Lab6/workspace/text_controller/_ide/bitstream/hdmi_text_controller_top.bit"
12:34:33 INFO  : Context for processor 'microblaze_0' is selected.
12:34:33 INFO  : Hardware design and registers information is loaded from 'C:/Users/adamj/Desktop/Vitis/Lab6/workspace/hdmi_text_controller_wrapper/export/hdmi_text_controller_wrapper/hw/hdmi_text_controller_top.xsa'.
12:34:33 INFO  : 'configparams mdm-detect-bscan-mask 2' command is executed.
12:34:33 INFO  : Context for processor 'microblaze_0' is selected.
12:34:33 INFO  : System reset is completed.
12:34:36 INFO  : 'after 3000' command is executed.
12:34:36 INFO  : Context for processor 'microblaze_0' is selected.
12:34:37 INFO  : The application 'C:/Users/adamj/Desktop/Vitis/Lab6/workspace/text_controller/Debug/text_controller.elf' is downloaded to processor 'microblaze_0'.
12:34:37 INFO  : ----------------XSDB Script----------------
connect -url tcp:127.0.0.1:3121
targets -set -filter {jtag_cable_name =~ "RealDigital Boo 8874042402C7A" && level==0 && jtag_device_ctx=="jsn1-0362f093-0"}
fpga -file C:/Users/adamj/Desktop/Vitis/Lab6/workspace/text_controller/_ide/bitstream/hdmi_text_controller_top.bit
targets -set -nocase -filter {name =~ "*microblaze*#0" && bscan=="USER2" }
loadhw -hw C:/Users/adamj/Desktop/Vitis/Lab6/workspace/hdmi_text_controller_wrapper/export/hdmi_text_controller_wrapper/hw/hdmi_text_controller_top.xsa -regs
configparams mdm-detect-bscan-mask 2
targets -set -nocase -filter {name =~ "*microblaze*#0" && bscan=="USER2" }
rst -system
after 3000
targets -set -nocase -filter {name =~ "*microblaze*#0" && bscan=="USER2" }
dow C:/Users/adamj/Desktop/Vitis/Lab6/workspace/text_controller/Debug/text_controller.elf
----------------End of Script----------------

12:34:37 INFO  : Context for processor 'microblaze_0' is selected.
12:34:37 INFO  : 'con' command is executed.
12:34:37 INFO  : ----------------XSDB Script (After Launch)----------------
targets -set -nocase -filter {name =~ "*microblaze*#0" && bscan=="USER2" }
con
----------------End of Script----------------

12:34:37 INFO  : Launch script is exported to file 'C:\Users\adamj\Desktop\Vitis\Lab6\workspace\text_controller_system\_ide\scripts\systemdebugger_text_controller_system_standalone.tcl'
12:46:34 INFO  : Checking for BSP changes to sync application flags for project 'text_controller'...
12:46:39 INFO  : Disconnected from the channel tcfchan#35.
12:46:39 INFO  : Connected to target on host '127.0.0.1' and port '3121'.
12:46:39 INFO  : Jtag cable 'RealDigital Boo 8874042402C7A' is selected.
12:46:39 INFO  : 'jtag frequency' command is executed.
12:46:39 INFO  : 'targets -set -filter {jtag_cable_name =~ "RealDigital Boo 8874042402C7A" && level==0 && jtag_device_ctx=="jsn1-0362f093-0"}' command is executed.
12:46:41 INFO  : Device configured successfully with "C:/Users/adamj/Desktop/Vitis/Lab6/workspace/text_controller/_ide/bitstream/hdmi_text_controller_top.bit"
12:46:41 INFO  : Context for processor 'microblaze_0' is selected.
12:46:41 INFO  : Hardware design and registers information is loaded from 'C:/Users/adamj/Desktop/Vitis/Lab6/workspace/hdmi_text_controller_wrapper/export/hdmi_text_controller_wrapper/hw/hdmi_text_controller_top.xsa'.
12:46:41 INFO  : 'configparams mdm-detect-bscan-mask 2' command is executed.
12:46:41 INFO  : Context for processor 'microblaze_0' is selected.
12:46:41 INFO  : System reset is completed.
12:46:44 INFO  : 'after 3000' command is executed.
12:46:44 INFO  : Context for processor 'microblaze_0' is selected.
12:46:44 INFO  : The application 'C:/Users/adamj/Desktop/Vitis/Lab6/workspace/text_controller/Debug/text_controller.elf' is downloaded to processor 'microblaze_0'.
12:46:44 INFO  : ----------------XSDB Script----------------
connect -url tcp:127.0.0.1:3121
targets -set -filter {jtag_cable_name =~ "RealDigital Boo 8874042402C7A" && level==0 && jtag_device_ctx=="jsn1-0362f093-0"}
fpga -file C:/Users/adamj/Desktop/Vitis/Lab6/workspace/text_controller/_ide/bitstream/hdmi_text_controller_top.bit
targets -set -nocase -filter {name =~ "*microblaze*#0" && bscan=="USER2" }
loadhw -hw C:/Users/adamj/Desktop/Vitis/Lab6/workspace/hdmi_text_controller_wrapper/export/hdmi_text_controller_wrapper/hw/hdmi_text_controller_top.xsa -regs
configparams mdm-detect-bscan-mask 2
targets -set -nocase -filter {name =~ "*microblaze*#0" && bscan=="USER2" }
rst -system
after 3000
targets -set -nocase -filter {name =~ "*microblaze*#0" && bscan=="USER2" }
dow C:/Users/adamj/Desktop/Vitis/Lab6/workspace/text_controller/Debug/text_controller.elf
----------------End of Script----------------

12:46:44 INFO  : Context for processor 'microblaze_0' is selected.
12:46:44 INFO  : 'con' command is executed.
12:46:44 INFO  : ----------------XSDB Script (After Launch)----------------
targets -set -nocase -filter {name =~ "*microblaze*#0" && bscan=="USER2" }
con
----------------End of Script----------------

12:46:44 INFO  : Launch script is exported to file 'C:\Users\adamj\Desktop\Vitis\Lab6\workspace\text_controller_system\_ide\scripts\systemdebugger_text_controller_system_standalone.tcl'
12:55:37 INFO  : Disconnected from the channel tcfchan#36.
12:55:37 INFO  : Connected to target on host '127.0.0.1' and port '3121'.
12:55:37 INFO  : Jtag cable 'RealDigital Boo 8874042402C7A' is selected.
12:55:37 INFO  : 'jtag frequency' command is executed.
12:55:37 INFO  : 'targets -set -filter {jtag_cable_name =~ "RealDigital Boo 8874042402C7A" && level==0 && jtag_device_ctx=="jsn1-0362f093-0"}' command is executed.
12:55:39 INFO  : Device configured successfully with "C:/Users/adamj/Desktop/Vitis/Lab6/workspace/text_controller/_ide/bitstream/hdmi_text_controller_top.bit"
12:55:39 INFO  : Context for processor 'microblaze_0' is selected.
12:55:39 INFO  : Hardware design and registers information is loaded from 'C:/Users/adamj/Desktop/Vitis/Lab6/workspace/hdmi_text_controller_wrapper/export/hdmi_text_controller_wrapper/hw/hdmi_text_controller_top.xsa'.
12:55:39 INFO  : 'configparams mdm-detect-bscan-mask 2' command is executed.
12:55:39 INFO  : Context for processor 'microblaze_0' is selected.
12:55:39 INFO  : System reset is completed.
12:55:42 INFO  : 'after 3000' command is executed.
12:55:42 INFO  : Context for processor 'microblaze_0' is selected.
12:55:42 INFO  : The application 'C:/Users/adamj/Desktop/Vitis/Lab6/workspace/text_controller/Debug/text_controller.elf' is downloaded to processor 'microblaze_0'.
12:55:42 INFO  : ----------------XSDB Script----------------
connect -url tcp:127.0.0.1:3121
targets -set -filter {jtag_cable_name =~ "RealDigital Boo 8874042402C7A" && level==0 && jtag_device_ctx=="jsn1-0362f093-0"}
fpga -file C:/Users/adamj/Desktop/Vitis/Lab6/workspace/text_controller/_ide/bitstream/hdmi_text_controller_top.bit
targets -set -nocase -filter {name =~ "*microblaze*#0" && bscan=="USER2" }
loadhw -hw C:/Users/adamj/Desktop/Vitis/Lab6/workspace/hdmi_text_controller_wrapper/export/hdmi_text_controller_wrapper/hw/hdmi_text_controller_top.xsa -regs
configparams mdm-detect-bscan-mask 2
targets -set -nocase -filter {name =~ "*microblaze*#0" && bscan=="USER2" }
rst -system
after 3000
targets -set -nocase -filter {name =~ "*microblaze*#0" && bscan=="USER2" }
dow C:/Users/adamj/Desktop/Vitis/Lab6/workspace/text_controller/Debug/text_controller.elf
----------------End of Script----------------

12:55:42 INFO  : Context for processor 'microblaze_0' is selected.
12:55:42 INFO  : 'con' command is executed.
12:55:42 INFO  : ----------------XSDB Script (After Launch)----------------
targets -set -nocase -filter {name =~ "*microblaze*#0" && bscan=="USER2" }
con
----------------End of Script----------------

12:55:42 INFO  : Launch script is exported to file 'C:\Users\adamj\Desktop\Vitis\Lab6\workspace\text_controller_system\_ide\scripts\systemdebugger_text_controller_system_standalone.tcl'
13:13:00 INFO  : Disconnected from the channel tcfchan#37.
13:13:00 INFO  : Connected to target on host '127.0.0.1' and port '3121'.
13:13:00 INFO  : Jtag cable 'RealDigital Boo 8874042402C7A' is selected.
13:13:00 INFO  : 'jtag frequency' command is executed.
13:13:00 INFO  : 'targets -set -filter {jtag_cable_name =~ "RealDigital Boo 8874042402C7A" && level==0 && jtag_device_ctx=="jsn1-0362f093-0"}' command is executed.
13:13:02 INFO  : Device configured successfully with "C:/Users/adamj/Desktop/Vitis/Lab6/workspace/text_controller/_ide/bitstream/hdmi_text_controller_top.bit"
13:13:02 INFO  : Context for processor 'microblaze_0' is selected.
13:13:02 INFO  : Hardware design and registers information is loaded from 'C:/Users/adamj/Desktop/Vitis/Lab6/workspace/hdmi_text_controller_wrapper/export/hdmi_text_controller_wrapper/hw/hdmi_text_controller_top.xsa'.
13:13:02 INFO  : 'configparams mdm-detect-bscan-mask 2' command is executed.
13:13:02 INFO  : Context for processor 'microblaze_0' is selected.
13:13:02 INFO  : System reset is completed.
13:13:05 INFO  : 'after 3000' command is executed.
13:13:05 INFO  : Context for processor 'microblaze_0' is selected.
13:13:05 INFO  : The application 'C:/Users/adamj/Desktop/Vitis/Lab6/workspace/text_controller/Debug/text_controller.elf' is downloaded to processor 'microblaze_0'.
13:13:05 INFO  : ----------------XSDB Script----------------
connect -url tcp:127.0.0.1:3121
targets -set -filter {jtag_cable_name =~ "RealDigital Boo 8874042402C7A" && level==0 && jtag_device_ctx=="jsn1-0362f093-0"}
fpga -file C:/Users/adamj/Desktop/Vitis/Lab6/workspace/text_controller/_ide/bitstream/hdmi_text_controller_top.bit
targets -set -nocase -filter {name =~ "*microblaze*#0" && bscan=="USER2" }
loadhw -hw C:/Users/adamj/Desktop/Vitis/Lab6/workspace/hdmi_text_controller_wrapper/export/hdmi_text_controller_wrapper/hw/hdmi_text_controller_top.xsa -regs
configparams mdm-detect-bscan-mask 2
targets -set -nocase -filter {name =~ "*microblaze*#0" && bscan=="USER2" }
rst -system
after 3000
targets -set -nocase -filter {name =~ "*microblaze*#0" && bscan=="USER2" }
dow C:/Users/adamj/Desktop/Vitis/Lab6/workspace/text_controller/Debug/text_controller.elf
----------------End of Script----------------

13:13:05 INFO  : Context for processor 'microblaze_0' is selected.
13:13:05 INFO  : 'con' command is executed.
13:13:05 INFO  : ----------------XSDB Script (After Launch)----------------
targets -set -nocase -filter {name =~ "*microblaze*#0" && bscan=="USER2" }
con
----------------End of Script----------------

13:13:05 INFO  : Launch script is exported to file 'C:\Users\adamj\Desktop\Vitis\Lab6\workspace\text_controller_system\_ide\scripts\systemdebugger_text_controller_system_standalone.tcl'
13:15:19 INFO  : Disconnected from the channel tcfchan#38.
13:15:19 INFO  : Connected to target on host '127.0.0.1' and port '3121'.
13:15:19 INFO  : Jtag cable 'RealDigital Boo 8874042402C7A' is selected.
13:15:19 INFO  : 'jtag frequency' command is executed.
13:15:19 INFO  : 'targets -set -filter {jtag_cable_name =~ "RealDigital Boo 8874042402C7A" && level==0 && jtag_device_ctx=="jsn1-0362f093-0"}' command is executed.
13:15:21 INFO  : Device configured successfully with "C:/Users/adamj/Desktop/Vitis/Lab6/workspace/text_controller/_ide/bitstream/hdmi_text_controller_top.bit"
13:15:21 INFO  : Context for processor 'microblaze_0' is selected.
13:15:21 INFO  : Hardware design and registers information is loaded from 'C:/Users/adamj/Desktop/Vitis/Lab6/workspace/hdmi_text_controller_wrapper/export/hdmi_text_controller_wrapper/hw/hdmi_text_controller_top.xsa'.
13:15:21 INFO  : 'configparams mdm-detect-bscan-mask 2' command is executed.
13:15:21 INFO  : Context for processor 'microblaze_0' is selected.
13:15:21 INFO  : System reset is completed.
13:15:24 INFO  : 'after 3000' command is executed.
13:15:24 INFO  : Context for processor 'microblaze_0' is selected.
13:15:24 INFO  : The application 'C:/Users/adamj/Desktop/Vitis/Lab6/workspace/text_controller/Debug/text_controller.elf' is downloaded to processor 'microblaze_0'.
13:15:24 INFO  : ----------------XSDB Script----------------
connect -url tcp:127.0.0.1:3121
targets -set -filter {jtag_cable_name =~ "RealDigital Boo 8874042402C7A" && level==0 && jtag_device_ctx=="jsn1-0362f093-0"}
fpga -file C:/Users/adamj/Desktop/Vitis/Lab6/workspace/text_controller/_ide/bitstream/hdmi_text_controller_top.bit
targets -set -nocase -filter {name =~ "*microblaze*#0" && bscan=="USER2" }
loadhw -hw C:/Users/adamj/Desktop/Vitis/Lab6/workspace/hdmi_text_controller_wrapper/export/hdmi_text_controller_wrapper/hw/hdmi_text_controller_top.xsa -regs
configparams mdm-detect-bscan-mask 2
targets -set -nocase -filter {name =~ "*microblaze*#0" && bscan=="USER2" }
rst -system
after 3000
targets -set -nocase -filter {name =~ "*microblaze*#0" && bscan=="USER2" }
dow C:/Users/adamj/Desktop/Vitis/Lab6/workspace/text_controller/Debug/text_controller.elf
----------------End of Script----------------

13:15:24 INFO  : Context for processor 'microblaze_0' is selected.
13:15:24 INFO  : 'con' command is executed.
13:15:24 INFO  : ----------------XSDB Script (After Launch)----------------
targets -set -nocase -filter {name =~ "*microblaze*#0" && bscan=="USER2" }
con
----------------End of Script----------------

13:15:24 INFO  : Launch script is exported to file 'C:\Users\adamj\Desktop\Vitis\Lab6\workspace\text_controller_system\_ide\scripts\systemdebugger_text_controller_system_standalone.tcl'
13:31:03 INFO  : Hardware specification for platform project 'hdmi_text_controller_wrapper' is updated.
13:31:14 INFO  : Result from executing command 'removePlatformRepo': 
13:31:40 INFO  : Result from executing command 'getProjects': hdmi_text_controller_wrapper
13:31:40 INFO  : Result from executing command 'getPlatforms': xilinx_vck190_base_202220_1|C:/Xilinx/Vitis/2022.2/base_platforms/xilinx_vck190_base_202220_1/xilinx_vck190_base_202220_1.xpfm;xilinx_vck190_base_dfx_202220_1|C:/Xilinx/Vitis/2022.2/base_platforms/xilinx_vck190_base_dfx_202220_1/xilinx_vck190_base_dfx_202220_1.xpfm;xilinx_vmk180_base_202220_1|C:/Xilinx/Vitis/2022.2/base_platforms/xilinx_vmk180_base_202220_1/xilinx_vmk180_base_202220_1.xpfm;xilinx_zcu102_base_202220_1|C:/Xilinx/Vitis/2022.2/base_platforms/xilinx_zcu102_base_202220_1/xilinx_zcu102_base_202220_1.xpfm;xilinx_zcu102_base_dfx_202220_1|C:/Xilinx/Vitis/2022.2/base_platforms/xilinx_zcu102_base_dfx_202220_1/xilinx_zcu102_base_dfx_202220_1.xpfm;xilinx_zcu104_base_202220_1|C:/Xilinx/Vitis/2022.2/base_platforms/xilinx_zcu104_base_202220_1/xilinx_zcu104_base_202220_1.xpfm
13:31:42 INFO  : Checking for BSP changes to sync application flags for project 'text_controller'...
13:31:45 INFO  : The hardware specification used by project 'text_controller' is out of sync with the platform. Resource files extracted from the hardware specification will be updated.
13:31:45 INFO  : The file 'C:\Users\adamj\Desktop\Vitis\Lab6\workspace\text_controller\_ide\bitstream\hdmi_text_controller_top.bit' stored in project is removed.
13:31:45 INFO  : The file 'C:\Users\adamj\Desktop\Vitis\Lab6\workspace\text_controller\_ide\bitstream\hdmi_text_controller_top.mmi' stored in project is removed.
13:31:45 INFO  : The updated bitstream files are copied from platform to folder 'C:\Users\adamj\Desktop\Vitis\Lab6\workspace\text_controller\_ide\bitstream' in project 'text_controller'.
13:31:47 INFO  : Disconnected from the channel tcfchan#39.
13:31:47 INFO  : Connected to target on host '127.0.0.1' and port '3121'.
13:31:48 INFO  : Jtag cable 'RealDigital Boo 8874042402C7A' is selected.
13:31:48 INFO  : 'jtag frequency' command is executed.
13:31:48 INFO  : 'targets -set -filter {jtag_cable_name =~ "RealDigital Boo 8874042402C7A" && level==0 && jtag_device_ctx=="jsn1-0362f093-0"}' command is executed.
13:31:49 INFO  : Device configured successfully with "C:/Users/adamj/Desktop/Vitis/Lab6/workspace/text_controller/_ide/bitstream/hdmi_text_controller_top.bit"
13:31:49 INFO  : Context for processor 'microblaze_0' is selected.
13:31:49 INFO  : Hardware design and registers information is loaded from 'C:/Users/adamj/Desktop/Vitis/Lab6/workspace/hdmi_text_controller_wrapper/export/hdmi_text_controller_wrapper/hw/hdmi_text_controller_top.xsa'.
13:31:49 INFO  : 'configparams mdm-detect-bscan-mask 2' command is executed.
13:31:49 INFO  : Context for processor 'microblaze_0' is selected.
13:31:49 INFO  : System reset is completed.
13:31:52 INFO  : 'after 3000' command is executed.
13:31:52 INFO  : Context for processor 'microblaze_0' is selected.
13:31:53 INFO  : The application 'C:/Users/adamj/Desktop/Vitis/Lab6/workspace/text_controller/Debug/text_controller.elf' is downloaded to processor 'microblaze_0'.
13:31:53 INFO  : ----------------XSDB Script----------------
connect -url tcp:127.0.0.1:3121
targets -set -filter {jtag_cable_name =~ "RealDigital Boo 8874042402C7A" && level==0 && jtag_device_ctx=="jsn1-0362f093-0"}
fpga -file C:/Users/adamj/Desktop/Vitis/Lab6/workspace/text_controller/_ide/bitstream/hdmi_text_controller_top.bit
targets -set -nocase -filter {name =~ "*microblaze*#0" && bscan=="USER2" }
loadhw -hw C:/Users/adamj/Desktop/Vitis/Lab6/workspace/hdmi_text_controller_wrapper/export/hdmi_text_controller_wrapper/hw/hdmi_text_controller_top.xsa -regs
configparams mdm-detect-bscan-mask 2
targets -set -nocase -filter {name =~ "*microblaze*#0" && bscan=="USER2" }
rst -system
after 3000
targets -set -nocase -filter {name =~ "*microblaze*#0" && bscan=="USER2" }
dow C:/Users/adamj/Desktop/Vitis/Lab6/workspace/text_controller/Debug/text_controller.elf
----------------End of Script----------------

13:31:53 INFO  : Context for processor 'microblaze_0' is selected.
13:31:53 INFO  : 'con' command is executed.
13:31:53 INFO  : ----------------XSDB Script (After Launch)----------------
targets -set -nocase -filter {name =~ "*microblaze*#0" && bscan=="USER2" }
con
----------------End of Script----------------

13:31:53 INFO  : Launch script is exported to file 'C:\Users\adamj\Desktop\Vitis\Lab6\workspace\text_controller_system\_ide\scripts\systemdebugger_text_controller_system_standalone.tcl'
13:42:54 INFO  : Disconnected from the channel tcfchan#42.
13:42:54 INFO  : Connected to target on host '127.0.0.1' and port '3121'.
13:42:54 INFO  : Jtag cable 'RealDigital Boo 8874042402C7A' is selected.
13:42:54 INFO  : 'jtag frequency' command is executed.
13:42:54 INFO  : 'targets -set -filter {jtag_cable_name =~ "RealDigital Boo 8874042402C7A" && level==0 && jtag_device_ctx=="jsn1-0362f093-0"}' command is executed.
13:42:56 INFO  : Device configured successfully with "C:/Users/adamj/Desktop/Vitis/Lab6/workspace/text_controller/_ide/bitstream/hdmi_text_controller_top.bit"
13:42:56 INFO  : Context for processor 'microblaze_0' is selected.
13:42:56 INFO  : Hardware design and registers information is loaded from 'C:/Users/adamj/Desktop/Vitis/Lab6/workspace/hdmi_text_controller_wrapper/export/hdmi_text_controller_wrapper/hw/hdmi_text_controller_top.xsa'.
13:42:56 INFO  : 'configparams mdm-detect-bscan-mask 2' command is executed.
13:42:56 INFO  : Context for processor 'microblaze_0' is selected.
13:42:56 INFO  : System reset is completed.
13:42:59 INFO  : 'after 3000' command is executed.
13:42:59 INFO  : Context for processor 'microblaze_0' is selected.
13:42:59 INFO  : The application 'C:/Users/adamj/Desktop/Vitis/Lab6/workspace/text_controller/Debug/text_controller.elf' is downloaded to processor 'microblaze_0'.
13:42:59 INFO  : ----------------XSDB Script----------------
connect -url tcp:127.0.0.1:3121
targets -set -filter {jtag_cable_name =~ "RealDigital Boo 8874042402C7A" && level==0 && jtag_device_ctx=="jsn1-0362f093-0"}
fpga -file C:/Users/adamj/Desktop/Vitis/Lab6/workspace/text_controller/_ide/bitstream/hdmi_text_controller_top.bit
targets -set -nocase -filter {name =~ "*microblaze*#0" && bscan=="USER2" }
loadhw -hw C:/Users/adamj/Desktop/Vitis/Lab6/workspace/hdmi_text_controller_wrapper/export/hdmi_text_controller_wrapper/hw/hdmi_text_controller_top.xsa -regs
configparams mdm-detect-bscan-mask 2
targets -set -nocase -filter {name =~ "*microblaze*#0" && bscan=="USER2" }
rst -system
after 3000
targets -set -nocase -filter {name =~ "*microblaze*#0" && bscan=="USER2" }
dow C:/Users/adamj/Desktop/Vitis/Lab6/workspace/text_controller/Debug/text_controller.elf
----------------End of Script----------------

13:42:59 INFO  : Context for processor 'microblaze_0' is selected.
13:42:59 INFO  : 'con' command is executed.
13:42:59 INFO  : ----------------XSDB Script (After Launch)----------------
targets -set -nocase -filter {name =~ "*microblaze*#0" && bscan=="USER2" }
con
----------------End of Script----------------

13:42:59 INFO  : Launch script is exported to file 'C:\Users\adamj\Desktop\Vitis\Lab6\workspace\text_controller_system\_ide\scripts\systemdebugger_text_controller_system_standalone.tcl'
13:43:42 INFO  : Disconnected from the channel tcfchan#43.
13:43:42 INFO  : Connected to target on host '127.0.0.1' and port '3121'.
13:43:43 INFO  : Jtag cable 'RealDigital Boo 8874042402C7A' is selected.
13:43:43 INFO  : 'jtag frequency' command is executed.
13:43:43 INFO  : 'targets -set -filter {jtag_cable_name =~ "RealDigital Boo 8874042402C7A" && level==0 && jtag_device_ctx=="jsn1-0362f093-0"}' command is executed.
13:43:44 INFO  : Device configured successfully with "C:/Users/adamj/Desktop/Vitis/Lab6/workspace/text_controller/_ide/bitstream/hdmi_text_controller_top.bit"
13:43:44 INFO  : Context for processor 'microblaze_0' is selected.
13:43:44 INFO  : Hardware design and registers information is loaded from 'C:/Users/adamj/Desktop/Vitis/Lab6/workspace/hdmi_text_controller_wrapper/export/hdmi_text_controller_wrapper/hw/hdmi_text_controller_top.xsa'.
13:43:44 INFO  : 'configparams mdm-detect-bscan-mask 2' command is executed.
13:43:44 INFO  : Context for processor 'microblaze_0' is selected.
13:43:44 INFO  : System reset is completed.
13:43:47 INFO  : 'after 3000' command is executed.
13:43:47 INFO  : Context for processor 'microblaze_0' is selected.
13:43:48 INFO  : The application 'C:/Users/adamj/Desktop/Vitis/Lab6/workspace/text_controller/Debug/text_controller.elf' is downloaded to processor 'microblaze_0'.
13:43:48 INFO  : ----------------XSDB Script----------------
connect -url tcp:127.0.0.1:3121
targets -set -filter {jtag_cable_name =~ "RealDigital Boo 8874042402C7A" && level==0 && jtag_device_ctx=="jsn1-0362f093-0"}
fpga -file C:/Users/adamj/Desktop/Vitis/Lab6/workspace/text_controller/_ide/bitstream/hdmi_text_controller_top.bit
targets -set -nocase -filter {name =~ "*microblaze*#0" && bscan=="USER2" }
loadhw -hw C:/Users/adamj/Desktop/Vitis/Lab6/workspace/hdmi_text_controller_wrapper/export/hdmi_text_controller_wrapper/hw/hdmi_text_controller_top.xsa -regs
configparams mdm-detect-bscan-mask 2
targets -set -nocase -filter {name =~ "*microblaze*#0" && bscan=="USER2" }
rst -system
after 3000
targets -set -nocase -filter {name =~ "*microblaze*#0" && bscan=="USER2" }
dow C:/Users/adamj/Desktop/Vitis/Lab6/workspace/text_controller/Debug/text_controller.elf
----------------End of Script----------------

13:43:48 INFO  : Context for processor 'microblaze_0' is selected.
13:43:48 INFO  : 'con' command is executed.
13:43:48 INFO  : ----------------XSDB Script (After Launch)----------------
targets -set -nocase -filter {name =~ "*microblaze*#0" && bscan=="USER2" }
con
----------------End of Script----------------

13:43:48 INFO  : Launch script is exported to file 'C:\Users\adamj\Desktop\Vitis\Lab6\workspace\text_controller_system\_ide\scripts\systemdebugger_text_controller_system_standalone.tcl'
14:44:14 INFO  : Hardware specification for platform project 'hdmi_text_controller_wrapper' is updated.
14:44:23 INFO  : Result from executing command 'removePlatformRepo': 
14:44:44 INFO  : Result from executing command 'getProjects': hdmi_text_controller_wrapper
14:44:44 INFO  : Result from executing command 'getPlatforms': xilinx_vck190_base_202220_1|C:/Xilinx/Vitis/2022.2/base_platforms/xilinx_vck190_base_202220_1/xilinx_vck190_base_202220_1.xpfm;xilinx_vck190_base_dfx_202220_1|C:/Xilinx/Vitis/2022.2/base_platforms/xilinx_vck190_base_dfx_202220_1/xilinx_vck190_base_dfx_202220_1.xpfm;xilinx_vmk180_base_202220_1|C:/Xilinx/Vitis/2022.2/base_platforms/xilinx_vmk180_base_202220_1/xilinx_vmk180_base_202220_1.xpfm;xilinx_zcu102_base_202220_1|C:/Xilinx/Vitis/2022.2/base_platforms/xilinx_zcu102_base_202220_1/xilinx_zcu102_base_202220_1.xpfm;xilinx_zcu102_base_dfx_202220_1|C:/Xilinx/Vitis/2022.2/base_platforms/xilinx_zcu102_base_dfx_202220_1/xilinx_zcu102_base_dfx_202220_1.xpfm;xilinx_zcu104_base_202220_1|C:/Xilinx/Vitis/2022.2/base_platforms/xilinx_zcu104_base_202220_1/xilinx_zcu104_base_202220_1.xpfm
14:44:45 INFO  : Checking for BSP changes to sync application flags for project 'text_controller'...
14:44:48 INFO  : The hardware specification used by project 'text_controller' is out of sync with the platform. Resource files extracted from the hardware specification will be updated.
14:44:48 INFO  : The file 'C:\Users\adamj\Desktop\Vitis\Lab6\workspace\text_controller\_ide\bitstream\hdmi_text_controller_top.bit' stored in project is removed.
14:44:48 INFO  : The file 'C:\Users\adamj\Desktop\Vitis\Lab6\workspace\text_controller\_ide\bitstream\hdmi_text_controller_top.mmi' stored in project is removed.
14:44:48 INFO  : The updated bitstream files are copied from platform to folder 'C:\Users\adamj\Desktop\Vitis\Lab6\workspace\text_controller\_ide\bitstream' in project 'text_controller'.
14:44:53 INFO  : Disconnected from the channel tcfchan#44.
14:44:53 INFO  : Connected to target on host '127.0.0.1' and port '3121'.
14:44:53 INFO  : Jtag cable 'RealDigital Boo 8874042402C7A' is selected.
14:44:53 INFO  : 'jtag frequency' command is executed.
14:44:53 INFO  : 'targets -set -filter {jtag_cable_name =~ "RealDigital Boo 8874042402C7A" && level==0 && jtag_device_ctx=="jsn1-0362f093-0"}' command is executed.
14:44:54 INFO  : Device configured successfully with "C:/Users/adamj/Desktop/Vitis/Lab6/workspace/text_controller/_ide/bitstream/hdmi_text_controller_top.bit"
14:44:55 INFO  : Context for processor 'microblaze_0' is selected.
14:44:55 INFO  : Hardware design and registers information is loaded from 'C:/Users/adamj/Desktop/Vitis/Lab6/workspace/hdmi_text_controller_wrapper/export/hdmi_text_controller_wrapper/hw/hdmi_text_controller_top.xsa'.
14:44:55 INFO  : 'configparams mdm-detect-bscan-mask 2' command is executed.
14:44:55 INFO  : Context for processor 'microblaze_0' is selected.
14:44:55 INFO  : System reset is completed.
14:44:58 INFO  : 'after 3000' command is executed.
14:44:58 INFO  : Context for processor 'microblaze_0' is selected.
14:44:58 INFO  : The application 'C:/Users/adamj/Desktop/Vitis/Lab6/workspace/text_controller/Debug/text_controller.elf' is downloaded to processor 'microblaze_0'.
14:44:58 INFO  : ----------------XSDB Script----------------
connect -url tcp:127.0.0.1:3121
targets -set -filter {jtag_cable_name =~ "RealDigital Boo 8874042402C7A" && level==0 && jtag_device_ctx=="jsn1-0362f093-0"}
fpga -file C:/Users/adamj/Desktop/Vitis/Lab6/workspace/text_controller/_ide/bitstream/hdmi_text_controller_top.bit
targets -set -nocase -filter {name =~ "*microblaze*#0" && bscan=="USER2" }
loadhw -hw C:/Users/adamj/Desktop/Vitis/Lab6/workspace/hdmi_text_controller_wrapper/export/hdmi_text_controller_wrapper/hw/hdmi_text_controller_top.xsa -regs
configparams mdm-detect-bscan-mask 2
targets -set -nocase -filter {name =~ "*microblaze*#0" && bscan=="USER2" }
rst -system
after 3000
targets -set -nocase -filter {name =~ "*microblaze*#0" && bscan=="USER2" }
dow C:/Users/adamj/Desktop/Vitis/Lab6/workspace/text_controller/Debug/text_controller.elf
----------------End of Script----------------

14:44:58 INFO  : Context for processor 'microblaze_0' is selected.
14:44:58 INFO  : 'con' command is executed.
14:44:58 INFO  : ----------------XSDB Script (After Launch)----------------
targets -set -nocase -filter {name =~ "*microblaze*#0" && bscan=="USER2" }
con
----------------End of Script----------------

14:44:58 INFO  : Launch script is exported to file 'C:\Users\adamj\Desktop\Vitis\Lab6\workspace\text_controller_system\_ide\scripts\systemdebugger_text_controller_system_standalone.tcl'
14:55:45 INFO  : Hardware specification for platform project 'hdmi_text_controller_wrapper' is updated.
14:56:11 INFO  : Result from executing command 'removePlatformRepo': 
14:56:36 INFO  : Result from executing command 'getProjects': hdmi_text_controller_wrapper
14:56:36 INFO  : Result from executing command 'getPlatforms': xilinx_vck190_base_202220_1|C:/Xilinx/Vitis/2022.2/base_platforms/xilinx_vck190_base_202220_1/xilinx_vck190_base_202220_1.xpfm;xilinx_vck190_base_dfx_202220_1|C:/Xilinx/Vitis/2022.2/base_platforms/xilinx_vck190_base_dfx_202220_1/xilinx_vck190_base_dfx_202220_1.xpfm;xilinx_vmk180_base_202220_1|C:/Xilinx/Vitis/2022.2/base_platforms/xilinx_vmk180_base_202220_1/xilinx_vmk180_base_202220_1.xpfm;xilinx_zcu102_base_202220_1|C:/Xilinx/Vitis/2022.2/base_platforms/xilinx_zcu102_base_202220_1/xilinx_zcu102_base_202220_1.xpfm;xilinx_zcu102_base_dfx_202220_1|C:/Xilinx/Vitis/2022.2/base_platforms/xilinx_zcu102_base_dfx_202220_1/xilinx_zcu102_base_dfx_202220_1.xpfm;xilinx_zcu104_base_202220_1|C:/Xilinx/Vitis/2022.2/base_platforms/xilinx_zcu104_base_202220_1/xilinx_zcu104_base_202220_1.xpfm
14:56:37 INFO  : Checking for BSP changes to sync application flags for project 'text_controller'...
14:56:42 INFO  : Disconnected from the channel tcfchan#47.
14:56:42 INFO  : Connected to target on host '127.0.0.1' and port '3121'.
14:56:43 INFO  : Jtag cable 'RealDigital Boo 8874042402C7A' is selected.
14:56:43 INFO  : 'jtag frequency' command is executed.
14:56:43 INFO  : 'targets -set -filter {jtag_cable_name =~ "RealDigital Boo 8874042402C7A" && level==0 && jtag_device_ctx=="jsn1-0362f093-0"}' command is executed.
14:56:44 INFO  : Device configured successfully with "C:/Users/adamj/Desktop/Vitis/Lab6/workspace/text_controller/_ide/bitstream/hdmi_text_controller_top.bit"
14:56:44 INFO  : Context for processor 'microblaze_0' is selected.
14:56:44 INFO  : Hardware design and registers information is loaded from 'C:/Users/adamj/Desktop/Vitis/Lab6/workspace/hdmi_text_controller_wrapper/export/hdmi_text_controller_wrapper/hw/hdmi_text_controller_top.xsa'.
14:56:44 INFO  : 'configparams mdm-detect-bscan-mask 2' command is executed.
14:56:44 INFO  : Context for processor 'microblaze_0' is selected.
14:56:44 INFO  : System reset is completed.
14:56:47 INFO  : 'after 3000' command is executed.
14:56:47 INFO  : Context for processor 'microblaze_0' is selected.
14:56:48 INFO  : The application 'C:/Users/adamj/Desktop/Vitis/Lab6/workspace/text_controller/Debug/text_controller.elf' is downloaded to processor 'microblaze_0'.
14:56:48 INFO  : ----------------XSDB Script----------------
connect -url tcp:127.0.0.1:3121
targets -set -filter {jtag_cable_name =~ "RealDigital Boo 8874042402C7A" && level==0 && jtag_device_ctx=="jsn1-0362f093-0"}
fpga -file C:/Users/adamj/Desktop/Vitis/Lab6/workspace/text_controller/_ide/bitstream/hdmi_text_controller_top.bit
targets -set -nocase -filter {name =~ "*microblaze*#0" && bscan=="USER2" }
loadhw -hw C:/Users/adamj/Desktop/Vitis/Lab6/workspace/hdmi_text_controller_wrapper/export/hdmi_text_controller_wrapper/hw/hdmi_text_controller_top.xsa -regs
configparams mdm-detect-bscan-mask 2
targets -set -nocase -filter {name =~ "*microblaze*#0" && bscan=="USER2" }
rst -system
after 3000
targets -set -nocase -filter {name =~ "*microblaze*#0" && bscan=="USER2" }
dow C:/Users/adamj/Desktop/Vitis/Lab6/workspace/text_controller/Debug/text_controller.elf
----------------End of Script----------------

14:56:48 INFO  : Context for processor 'microblaze_0' is selected.
14:56:48 INFO  : 'con' command is executed.
14:56:48 INFO  : ----------------XSDB Script (After Launch)----------------
targets -set -nocase -filter {name =~ "*microblaze*#0" && bscan=="USER2" }
con
----------------End of Script----------------

14:56:48 INFO  : Launch script is exported to file 'C:\Users\adamj\Desktop\Vitis\Lab6\workspace\text_controller_system\_ide\scripts\systemdebugger_text_controller_system_standalone.tcl'
15:34:43 INFO  : Disconnected from the channel tcfchan#50.
15:34:43 INFO  : Connected to target on host '127.0.0.1' and port '3121'.
15:34:43 INFO  : Jtag cable 'RealDigital Boo 8874042402C7A' is selected.
15:34:43 INFO  : 'jtag frequency' command is executed.
15:34:43 INFO  : 'targets -set -filter {jtag_cable_name =~ "RealDigital Boo 8874042402C7A" && level==0 && jtag_device_ctx=="jsn1-0362f093-0"}' command is executed.
15:34:44 INFO  : Device configured successfully with "C:/Users/adamj/Desktop/Vitis/Lab6/workspace/text_controller/_ide/bitstream/hdmi_text_controller_top.bit"
15:34:44 INFO  : Context for processor 'microblaze_0' is selected.
15:34:44 INFO  : Hardware design and registers information is loaded from 'C:/Users/adamj/Desktop/Vitis/Lab6/workspace/hdmi_text_controller_wrapper/export/hdmi_text_controller_wrapper/hw/hdmi_text_controller_top.xsa'.
15:34:44 INFO  : 'configparams mdm-detect-bscan-mask 2' command is executed.
15:34:45 INFO  : Context for processor 'microblaze_0' is selected.
15:34:45 INFO  : System reset is completed.
15:34:48 INFO  : 'after 3000' command is executed.
15:34:48 INFO  : Context for processor 'microblaze_0' is selected.
15:34:48 INFO  : The application 'C:/Users/adamj/Desktop/Vitis/Lab6/workspace/text_controller/Debug/text_controller.elf' is downloaded to processor 'microblaze_0'.
15:34:48 INFO  : ----------------XSDB Script----------------
connect -url tcp:127.0.0.1:3121
targets -set -filter {jtag_cable_name =~ "RealDigital Boo 8874042402C7A" && level==0 && jtag_device_ctx=="jsn1-0362f093-0"}
fpga -file C:/Users/adamj/Desktop/Vitis/Lab6/workspace/text_controller/_ide/bitstream/hdmi_text_controller_top.bit
targets -set -nocase -filter {name =~ "*microblaze*#0" && bscan=="USER2" }
loadhw -hw C:/Users/adamj/Desktop/Vitis/Lab6/workspace/hdmi_text_controller_wrapper/export/hdmi_text_controller_wrapper/hw/hdmi_text_controller_top.xsa -regs
configparams mdm-detect-bscan-mask 2
targets -set -nocase -filter {name =~ "*microblaze*#0" && bscan=="USER2" }
rst -system
after 3000
targets -set -nocase -filter {name =~ "*microblaze*#0" && bscan=="USER2" }
dow C:/Users/adamj/Desktop/Vitis/Lab6/workspace/text_controller/Debug/text_controller.elf
----------------End of Script----------------

15:34:48 INFO  : Context for processor 'microblaze_0' is selected.
15:34:48 INFO  : 'con' command is executed.
15:34:48 INFO  : ----------------XSDB Script (After Launch)----------------
targets -set -nocase -filter {name =~ "*microblaze*#0" && bscan=="USER2" }
con
----------------End of Script----------------

15:34:48 INFO  : Launch script is exported to file 'C:\Users\adamj\Desktop\Vitis\Lab6\workspace\text_controller_system\_ide\scripts\systemdebugger_text_controller_system_standalone.tcl'
15:35:42 INFO  : Disconnected from the channel tcfchan#51.
15:35:42 INFO  : Connected to target on host '127.0.0.1' and port '3121'.
15:35:42 INFO  : Jtag cable 'RealDigital Boo 8874042402C7A' is selected.
15:35:42 INFO  : 'jtag frequency' command is executed.
15:35:43 INFO  : 'targets -set -filter {jtag_cable_name =~ "RealDigital Boo 8874042402C7A" && level==0 && jtag_device_ctx=="jsn1-0362f093-0"}' command is executed.
15:35:44 INFO  : Device configured successfully with "C:/Users/adamj/Desktop/Vitis/Lab6/workspace/text_controller/_ide/bitstream/hdmi_text_controller_top.bit"
15:35:44 INFO  : Context for processor 'microblaze_0' is selected.
15:35:44 INFO  : Hardware design and registers information is loaded from 'C:/Users/adamj/Desktop/Vitis/Lab6/workspace/hdmi_text_controller_wrapper/export/hdmi_text_controller_wrapper/hw/hdmi_text_controller_top.xsa'.
15:35:44 INFO  : 'configparams mdm-detect-bscan-mask 2' command is executed.
15:35:44 INFO  : Context for processor 'microblaze_0' is selected.
15:35:44 INFO  : System reset is completed.
15:35:47 INFO  : 'after 3000' command is executed.
15:35:47 INFO  : Context for processor 'microblaze_0' is selected.
15:35:48 INFO  : The application 'C:/Users/adamj/Desktop/Vitis/Lab6/workspace/text_controller/Debug/text_controller.elf' is downloaded to processor 'microblaze_0'.
15:35:48 INFO  : ----------------XSDB Script----------------
connect -url tcp:127.0.0.1:3121
targets -set -filter {jtag_cable_name =~ "RealDigital Boo 8874042402C7A" && level==0 && jtag_device_ctx=="jsn1-0362f093-0"}
fpga -file C:/Users/adamj/Desktop/Vitis/Lab6/workspace/text_controller/_ide/bitstream/hdmi_text_controller_top.bit
targets -set -nocase -filter {name =~ "*microblaze*#0" && bscan=="USER2" }
loadhw -hw C:/Users/adamj/Desktop/Vitis/Lab6/workspace/hdmi_text_controller_wrapper/export/hdmi_text_controller_wrapper/hw/hdmi_text_controller_top.xsa -regs
configparams mdm-detect-bscan-mask 2
targets -set -nocase -filter {name =~ "*microblaze*#0" && bscan=="USER2" }
rst -system
after 3000
targets -set -nocase -filter {name =~ "*microblaze*#0" && bscan=="USER2" }
dow C:/Users/adamj/Desktop/Vitis/Lab6/workspace/text_controller/Debug/text_controller.elf
----------------End of Script----------------

15:35:48 INFO  : Context for processor 'microblaze_0' is selected.
15:35:48 INFO  : 'con' command is executed.
15:35:48 INFO  : ----------------XSDB Script (After Launch)----------------
targets -set -nocase -filter {name =~ "*microblaze*#0" && bscan=="USER2" }
con
----------------End of Script----------------

15:35:48 INFO  : Launch script is exported to file 'C:\Users\adamj\Desktop\Vitis\Lab6\workspace\text_controller_system\_ide\scripts\systemdebugger_text_controller_system_standalone.tcl'
17:38:43 INFO  : Hardware specification for platform project 'hdmi_text_controller_wrapper' is updated.
17:38:58 INFO  : Result from executing command 'removePlatformRepo': 
17:39:09 ERROR : The platform 'C:/Users/adamj/Desktop/Vitis/Lab6/workspace/hdmi_text_controller_wrapper/export/hdmi_text_controller_wrapper/hdmi_text_controller_wrapper.xpfm' used by the system project 'text_controller_system' is not valid.
17:39:47 INFO  : Result from executing command 'getProjects': hdmi_text_controller_wrapper
17:39:47 INFO  : Result from executing command 'getPlatforms': xilinx_vck190_base_202220_1|C:/Xilinx/Vitis/2022.2/base_platforms/xilinx_vck190_base_202220_1/xilinx_vck190_base_202220_1.xpfm;xilinx_vck190_base_dfx_202220_1|C:/Xilinx/Vitis/2022.2/base_platforms/xilinx_vck190_base_dfx_202220_1/xilinx_vck190_base_dfx_202220_1.xpfm;xilinx_vmk180_base_202220_1|C:/Xilinx/Vitis/2022.2/base_platforms/xilinx_vmk180_base_202220_1/xilinx_vmk180_base_202220_1.xpfm;xilinx_zcu102_base_202220_1|C:/Xilinx/Vitis/2022.2/base_platforms/xilinx_zcu102_base_202220_1/xilinx_zcu102_base_202220_1.xpfm;xilinx_zcu102_base_dfx_202220_1|C:/Xilinx/Vitis/2022.2/base_platforms/xilinx_zcu102_base_dfx_202220_1/xilinx_zcu102_base_dfx_202220_1.xpfm;xilinx_zcu104_base_202220_1|C:/Xilinx/Vitis/2022.2/base_platforms/xilinx_zcu104_base_202220_1/xilinx_zcu104_base_202220_1.xpfm
17:39:49 INFO  : Checking for BSP changes to sync application flags for project 'text_controller'...
17:39:55 INFO  : The hardware specification used by project 'text_controller' is out of sync with the platform. Resource files extracted from the hardware specification will be updated.
17:39:55 INFO  : The file 'C:\Users\adamj\Desktop\Vitis\Lab6\workspace\text_controller\_ide\bitstream\hdmi_text_controller_top.bit' stored in project is removed.
17:39:55 INFO  : The file 'C:\Users\adamj\Desktop\Vitis\Lab6\workspace\text_controller\_ide\bitstream\hdmi_text_controller_top.mmi' stored in project is removed.
17:39:55 INFO  : The updated bitstream files are copied from platform to folder 'C:\Users\adamj\Desktop\Vitis\Lab6\workspace\text_controller\_ide\bitstream' in project 'text_controller'.
17:39:57 INFO  : Disconnected from the channel tcfchan#52.
17:39:57 INFO  : Connected to target on host '127.0.0.1' and port '3121'.
17:39:57 INFO  : Jtag cable 'RealDigital Boo 8874042402C7A' is selected.
17:39:57 INFO  : 'jtag frequency' command is executed.
17:39:58 INFO  : 'targets -set -filter {jtag_cable_name =~ "RealDigital Boo 8874042402C7A" && level==0 && jtag_device_ctx=="jsn1-0362f093-0"}' command is executed.
17:39:59 INFO  : Device configured successfully with "C:/Users/adamj/Desktop/Vitis/Lab6/workspace/text_controller/_ide/bitstream/hdmi_text_controller_top.bit"
17:39:59 INFO  : Context for processor 'microblaze_0' is selected.
17:39:59 INFO  : Hardware design and registers information is loaded from 'C:/Users/adamj/Desktop/Vitis/Lab6/workspace/hdmi_text_controller_wrapper/export/hdmi_text_controller_wrapper/hw/hdmi_text_controller_top.xsa'.
17:39:59 INFO  : 'configparams mdm-detect-bscan-mask 2' command is executed.
17:39:59 INFO  : Context for processor 'microblaze_0' is selected.
17:39:59 INFO  : System reset is completed.
17:40:02 INFO  : 'after 3000' command is executed.
17:40:02 INFO  : Context for processor 'microblaze_0' is selected.
17:40:03 INFO  : The application 'C:/Users/adamj/Desktop/Vitis/Lab6/workspace/text_controller/Debug/text_controller.elf' is downloaded to processor 'microblaze_0'.
17:40:03 INFO  : ----------------XSDB Script----------------
connect -url tcp:127.0.0.1:3121
targets -set -filter {jtag_cable_name =~ "RealDigital Boo 8874042402C7A" && level==0 && jtag_device_ctx=="jsn1-0362f093-0"}
fpga -file C:/Users/adamj/Desktop/Vitis/Lab6/workspace/text_controller/_ide/bitstream/hdmi_text_controller_top.bit
targets -set -nocase -filter {name =~ "*microblaze*#0" && bscan=="USER2" }
loadhw -hw C:/Users/adamj/Desktop/Vitis/Lab6/workspace/hdmi_text_controller_wrapper/export/hdmi_text_controller_wrapper/hw/hdmi_text_controller_top.xsa -regs
configparams mdm-detect-bscan-mask 2
targets -set -nocase -filter {name =~ "*microblaze*#0" && bscan=="USER2" }
rst -system
after 3000
targets -set -nocase -filter {name =~ "*microblaze*#0" && bscan=="USER2" }
dow C:/Users/adamj/Desktop/Vitis/Lab6/workspace/text_controller/Debug/text_controller.elf
----------------End of Script----------------

17:40:03 INFO  : Context for processor 'microblaze_0' is selected.
17:40:03 INFO  : 'con' command is executed.
17:40:03 INFO  : ----------------XSDB Script (After Launch)----------------
targets -set -nocase -filter {name =~ "*microblaze*#0" && bscan=="USER2" }
con
----------------End of Script----------------

17:40:03 INFO  : Launch script is exported to file 'C:\Users\adamj\Desktop\Vitis\Lab6\workspace\text_controller_system\_ide\scripts\systemdebugger_text_controller_system_standalone.tcl'
18:18:00 INFO  : Hardware specification for platform project 'hdmi_text_controller_wrapper' is updated.
18:18:10 INFO  : Result from executing command 'removePlatformRepo': 
18:18:24 ERROR : The platform 'C:/Users/adamj/Desktop/Vitis/Lab6/workspace/hdmi_text_controller_wrapper/export/hdmi_text_controller_wrapper/hdmi_text_controller_wrapper.xpfm' used by the system project 'text_controller_system' is not valid.
18:18:48 INFO  : Result from executing command 'getProjects': hdmi_text_controller_wrapper
18:18:48 INFO  : Result from executing command 'getPlatforms': xilinx_vck190_base_202220_1|C:/Xilinx/Vitis/2022.2/base_platforms/xilinx_vck190_base_202220_1/xilinx_vck190_base_202220_1.xpfm;xilinx_vck190_base_dfx_202220_1|C:/Xilinx/Vitis/2022.2/base_platforms/xilinx_vck190_base_dfx_202220_1/xilinx_vck190_base_dfx_202220_1.xpfm;xilinx_vmk180_base_202220_1|C:/Xilinx/Vitis/2022.2/base_platforms/xilinx_vmk180_base_202220_1/xilinx_vmk180_base_202220_1.xpfm;xilinx_zcu102_base_202220_1|C:/Xilinx/Vitis/2022.2/base_platforms/xilinx_zcu102_base_202220_1/xilinx_zcu102_base_202220_1.xpfm;xilinx_zcu102_base_dfx_202220_1|C:/Xilinx/Vitis/2022.2/base_platforms/xilinx_zcu102_base_dfx_202220_1/xilinx_zcu102_base_dfx_202220_1.xpfm;xilinx_zcu104_base_202220_1|C:/Xilinx/Vitis/2022.2/base_platforms/xilinx_zcu104_base_202220_1/xilinx_zcu104_base_202220_1.xpfm
18:18:51 INFO  : Checking for BSP changes to sync application flags for project 'text_controller'...
18:19:10 INFO  : Disconnected from the channel tcfchan#55.
18:19:10 INFO  : Connected to target on host '127.0.0.1' and port '3121'.
18:19:11 INFO  : Jtag cable 'RealDigital Boo 8874042402C7A' is selected.
18:19:11 INFO  : 'jtag frequency' command is executed.
18:19:11 INFO  : 'targets -set -filter {jtag_cable_name =~ "RealDigital Boo 8874042402C7A" && level==0 && jtag_device_ctx=="jsn1-0362f093-0"}' command is executed.
18:19:12 INFO  : Device configured successfully with "C:/Users/adamj/Desktop/Vitis/Lab6/workspace/text_controller/_ide/bitstream/hdmi_text_controller_top.bit"
18:19:12 INFO  : Context for processor 'microblaze_0' is selected.
18:19:12 INFO  : Hardware design and registers information is loaded from 'C:/Users/adamj/Desktop/Vitis/Lab6/workspace/hdmi_text_controller_wrapper/export/hdmi_text_controller_wrapper/hw/hdmi_text_controller_top.xsa'.
18:19:12 INFO  : 'configparams mdm-detect-bscan-mask 2' command is executed.
18:19:12 INFO  : Context for processor 'microblaze_0' is selected.
18:19:12 INFO  : System reset is completed.
18:19:15 INFO  : 'after 3000' command is executed.
18:19:15 INFO  : Context for processor 'microblaze_0' is selected.
18:19:16 INFO  : The application 'C:/Users/adamj/Desktop/Vitis/Lab6/workspace/text_controller/Debug/text_controller.elf' is downloaded to processor 'microblaze_0'.
18:19:16 INFO  : ----------------XSDB Script----------------
connect -url tcp:127.0.0.1:3121
targets -set -filter {jtag_cable_name =~ "RealDigital Boo 8874042402C7A" && level==0 && jtag_device_ctx=="jsn1-0362f093-0"}
fpga -file C:/Users/adamj/Desktop/Vitis/Lab6/workspace/text_controller/_ide/bitstream/hdmi_text_controller_top.bit
targets -set -nocase -filter {name =~ "*microblaze*#0" && bscan=="USER2" }
loadhw -hw C:/Users/adamj/Desktop/Vitis/Lab6/workspace/hdmi_text_controller_wrapper/export/hdmi_text_controller_wrapper/hw/hdmi_text_controller_top.xsa -regs
configparams mdm-detect-bscan-mask 2
targets -set -nocase -filter {name =~ "*microblaze*#0" && bscan=="USER2" }
rst -system
after 3000
targets -set -nocase -filter {name =~ "*microblaze*#0" && bscan=="USER2" }
dow C:/Users/adamj/Desktop/Vitis/Lab6/workspace/text_controller/Debug/text_controller.elf
----------------End of Script----------------

18:19:16 INFO  : Context for processor 'microblaze_0' is selected.
18:19:16 INFO  : 'con' command is executed.
18:19:16 INFO  : ----------------XSDB Script (After Launch)----------------
targets -set -nocase -filter {name =~ "*microblaze*#0" && bscan=="USER2" }
con
----------------End of Script----------------

18:19:16 INFO  : Launch script is exported to file 'C:\Users\adamj\Desktop\Vitis\Lab6\workspace\text_controller_system\_ide\scripts\systemdebugger_text_controller_system_standalone.tcl'
18:23:45 INFO  : Disconnected from the channel tcfchan#58.
18:23:45 INFO  : Connected to target on host '127.0.0.1' and port '3121'.
18:23:46 INFO  : Jtag cable 'RealDigital Boo 8874042402C7A' is selected.
18:23:46 INFO  : 'jtag frequency' command is executed.
18:23:46 INFO  : 'targets -set -filter {jtag_cable_name =~ "RealDigital Boo 8874042402C7A" && level==0 && jtag_device_ctx=="jsn1-0362f093-0"}' command is executed.
18:23:47 INFO  : Device configured successfully with "C:/Users/adamj/Desktop/Vitis/Lab6/workspace/text_controller/_ide/bitstream/hdmi_text_controller_top.bit"
18:23:47 INFO  : Context for processor 'microblaze_0' is selected.
18:23:47 INFO  : Hardware design and registers information is loaded from 'C:/Users/adamj/Desktop/Vitis/Lab6/workspace/hdmi_text_controller_wrapper/export/hdmi_text_controller_wrapper/hw/hdmi_text_controller_top.xsa'.
18:23:47 INFO  : 'configparams mdm-detect-bscan-mask 2' command is executed.
18:23:47 INFO  : Context for processor 'microblaze_0' is selected.
18:23:47 INFO  : System reset is completed.
18:23:50 INFO  : 'after 3000' command is executed.
18:23:50 INFO  : Context for processor 'microblaze_0' is selected.
18:23:51 INFO  : The application 'C:/Users/adamj/Desktop/Vitis/Lab6/workspace/text_controller/Debug/text_controller.elf' is downloaded to processor 'microblaze_0'.
18:23:51 INFO  : ----------------XSDB Script----------------
connect -url tcp:127.0.0.1:3121
targets -set -filter {jtag_cable_name =~ "RealDigital Boo 8874042402C7A" && level==0 && jtag_device_ctx=="jsn1-0362f093-0"}
fpga -file C:/Users/adamj/Desktop/Vitis/Lab6/workspace/text_controller/_ide/bitstream/hdmi_text_controller_top.bit
targets -set -nocase -filter {name =~ "*microblaze*#0" && bscan=="USER2" }
loadhw -hw C:/Users/adamj/Desktop/Vitis/Lab6/workspace/hdmi_text_controller_wrapper/export/hdmi_text_controller_wrapper/hw/hdmi_text_controller_top.xsa -regs
configparams mdm-detect-bscan-mask 2
targets -set -nocase -filter {name =~ "*microblaze*#0" && bscan=="USER2" }
rst -system
after 3000
targets -set -nocase -filter {name =~ "*microblaze*#0" && bscan=="USER2" }
dow C:/Users/adamj/Desktop/Vitis/Lab6/workspace/text_controller/Debug/text_controller.elf
----------------End of Script----------------

18:23:51 INFO  : Context for processor 'microblaze_0' is selected.
18:23:51 INFO  : 'con' command is executed.
18:23:51 INFO  : ----------------XSDB Script (After Launch)----------------
targets -set -nocase -filter {name =~ "*microblaze*#0" && bscan=="USER2" }
con
----------------End of Script----------------

18:23:51 INFO  : Launch script is exported to file 'C:\Users\adamj\Desktop\Vitis\Lab6\workspace\text_controller_system\_ide\scripts\systemdebugger_text_controller_system_standalone.tcl'
18:59:24 INFO  : Hardware specification for platform project 'hdmi_text_controller_wrapper' is updated.
19:00:12 INFO  : Hardware specification for platform project 'hdmi_text_controller_wrapper' is updated.
19:00:42 INFO  : Result from executing command 'removePlatformRepo': 
19:01:15 INFO  : Result from executing command 'getProjects': hdmi_text_controller_wrapper
19:01:15 INFO  : Result from executing command 'getPlatforms': xilinx_vck190_base_202220_1|C:/Xilinx/Vitis/2022.2/base_platforms/xilinx_vck190_base_202220_1/xilinx_vck190_base_202220_1.xpfm;xilinx_vck190_base_dfx_202220_1|C:/Xilinx/Vitis/2022.2/base_platforms/xilinx_vck190_base_dfx_202220_1/xilinx_vck190_base_dfx_202220_1.xpfm;xilinx_vmk180_base_202220_1|C:/Xilinx/Vitis/2022.2/base_platforms/xilinx_vmk180_base_202220_1/xilinx_vmk180_base_202220_1.xpfm;xilinx_zcu102_base_202220_1|C:/Xilinx/Vitis/2022.2/base_platforms/xilinx_zcu102_base_202220_1/xilinx_zcu102_base_202220_1.xpfm;xilinx_zcu102_base_dfx_202220_1|C:/Xilinx/Vitis/2022.2/base_platforms/xilinx_zcu102_base_dfx_202220_1/xilinx_zcu102_base_dfx_202220_1.xpfm;xilinx_zcu104_base_202220_1|C:/Xilinx/Vitis/2022.2/base_platforms/xilinx_zcu104_base_202220_1/xilinx_zcu104_base_202220_1.xpfm
19:01:17 INFO  : Checking for BSP changes to sync application flags for project 'text_controller'...
19:01:22 INFO  : The hardware specification used by project 'text_controller' is out of sync with the platform. Resource files extracted from the hardware specification will be updated.
19:01:22 INFO  : The file 'C:\Users\adamj\Desktop\Vitis\Lab6\workspace\text_controller\_ide\bitstream\hdmi_text_controller_top.bit' stored in project is removed.
19:01:22 INFO  : The file 'C:\Users\adamj\Desktop\Vitis\Lab6\workspace\text_controller\_ide\bitstream\hdmi_text_controller_top.mmi' stored in project is removed.
19:01:22 INFO  : The updated bitstream files are copied from platform to folder 'C:\Users\adamj\Desktop\Vitis\Lab6\workspace\text_controller\_ide\bitstream' in project 'text_controller'.
19:01:29 INFO  : Disconnected from the channel tcfchan#59.
19:01:29 INFO  : Connected to target on host '127.0.0.1' and port '3121'.
19:01:30 INFO  : Jtag cable 'RealDigital Boo 8874042402C7A' is selected.
19:01:30 INFO  : 'jtag frequency' command is executed.
19:01:30 INFO  : 'targets -set -filter {jtag_cable_name =~ "RealDigital Boo 8874042402C7A" && level==0 && jtag_device_ctx=="jsn1-0362f093-0"}' command is executed.
19:01:31 INFO  : Device configured successfully with "C:/Users/adamj/Desktop/Vitis/Lab6/workspace/text_controller/_ide/bitstream/hdmi_text_controller_top.bit"
19:01:31 INFO  : Context for processor 'microblaze_0' is selected.
19:01:31 INFO  : Hardware design and registers information is loaded from 'C:/Users/adamj/Desktop/Vitis/Lab6/workspace/hdmi_text_controller_wrapper/export/hdmi_text_controller_wrapper/hw/hdmi_text_controller_top.xsa'.
19:01:31 INFO  : 'configparams mdm-detect-bscan-mask 2' command is executed.
19:01:31 INFO  : Context for processor 'microblaze_0' is selected.
19:01:31 INFO  : System reset is completed.
19:01:34 INFO  : 'after 3000' command is executed.
19:01:34 INFO  : Context for processor 'microblaze_0' is selected.
19:01:35 INFO  : The application 'C:/Users/adamj/Desktop/Vitis/Lab6/workspace/text_controller/Debug/text_controller.elf' is downloaded to processor 'microblaze_0'.
19:01:35 INFO  : ----------------XSDB Script----------------
connect -url tcp:127.0.0.1:3121
targets -set -filter {jtag_cable_name =~ "RealDigital Boo 8874042402C7A" && level==0 && jtag_device_ctx=="jsn1-0362f093-0"}
fpga -file C:/Users/adamj/Desktop/Vitis/Lab6/workspace/text_controller/_ide/bitstream/hdmi_text_controller_top.bit
targets -set -nocase -filter {name =~ "*microblaze*#0" && bscan=="USER2" }
loadhw -hw C:/Users/adamj/Desktop/Vitis/Lab6/workspace/hdmi_text_controller_wrapper/export/hdmi_text_controller_wrapper/hw/hdmi_text_controller_top.xsa -regs
configparams mdm-detect-bscan-mask 2
targets -set -nocase -filter {name =~ "*microblaze*#0" && bscan=="USER2" }
rst -system
after 3000
targets -set -nocase -filter {name =~ "*microblaze*#0" && bscan=="USER2" }
dow C:/Users/adamj/Desktop/Vitis/Lab6/workspace/text_controller/Debug/text_controller.elf
----------------End of Script----------------

19:01:35 INFO  : Context for processor 'microblaze_0' is selected.
19:01:35 INFO  : 'con' command is executed.
19:01:35 INFO  : ----------------XSDB Script (After Launch)----------------
targets -set -nocase -filter {name =~ "*microblaze*#0" && bscan=="USER2" }
con
----------------End of Script----------------

19:01:35 INFO  : Launch script is exported to file 'C:\Users\adamj\Desktop\Vitis\Lab6\workspace\text_controller_system\_ide\scripts\systemdebugger_text_controller_system_standalone.tcl'
19:36:39 INFO  : Hardware specification for platform project 'hdmi_text_controller_wrapper' is updated.
19:36:54 INFO  : Result from executing command 'removePlatformRepo': 
19:37:22 INFO  : Result from executing command 'getProjects': hdmi_text_controller_wrapper
19:37:22 INFO  : Result from executing command 'getPlatforms': xilinx_vck190_base_202220_1|C:/Xilinx/Vitis/2022.2/base_platforms/xilinx_vck190_base_202220_1/xilinx_vck190_base_202220_1.xpfm;xilinx_vck190_base_dfx_202220_1|C:/Xilinx/Vitis/2022.2/base_platforms/xilinx_vck190_base_dfx_202220_1/xilinx_vck190_base_dfx_202220_1.xpfm;xilinx_vmk180_base_202220_1|C:/Xilinx/Vitis/2022.2/base_platforms/xilinx_vmk180_base_202220_1/xilinx_vmk180_base_202220_1.xpfm;xilinx_zcu102_base_202220_1|C:/Xilinx/Vitis/2022.2/base_platforms/xilinx_zcu102_base_202220_1/xilinx_zcu102_base_202220_1.xpfm;xilinx_zcu102_base_dfx_202220_1|C:/Xilinx/Vitis/2022.2/base_platforms/xilinx_zcu102_base_dfx_202220_1/xilinx_zcu102_base_dfx_202220_1.xpfm;xilinx_zcu104_base_202220_1|C:/Xilinx/Vitis/2022.2/base_platforms/xilinx_zcu104_base_202220_1/xilinx_zcu104_base_202220_1.xpfm
19:37:24 INFO  : Checking for BSP changes to sync application flags for project 'text_controller'...
19:37:28 INFO  : The hardware specification used by project 'text_controller' is out of sync with the platform. Resource files extracted from the hardware specification will be updated.
19:37:28 INFO  : The file 'C:\Users\adamj\Desktop\Vitis\Lab6\workspace\text_controller\_ide\bitstream\hdmi_text_controller_top.bit' stored in project is removed.
19:37:28 INFO  : The file 'C:\Users\adamj\Desktop\Vitis\Lab6\workspace\text_controller\_ide\bitstream\hdmi_text_controller_top.mmi' stored in project is removed.
19:37:28 INFO  : The updated bitstream files are copied from platform to folder 'C:\Users\adamj\Desktop\Vitis\Lab6\workspace\text_controller\_ide\bitstream' in project 'text_controller'.
19:37:30 INFO  : Disconnected from the channel tcfchan#62.
19:37:31 INFO  : Connected to target on host '127.0.0.1' and port '3121'.
19:37:31 INFO  : Jtag cable 'RealDigital Boo 8874042402C7A' is selected.
19:37:31 INFO  : 'jtag frequency' command is executed.
19:37:31 INFO  : 'targets -set -filter {jtag_cable_name =~ "RealDigital Boo 8874042402C7A" && level==0 && jtag_device_ctx=="jsn1-0362f093-0"}' command is executed.
19:37:33 INFO  : Device configured successfully with "C:/Users/adamj/Desktop/Vitis/Lab6/workspace/text_controller/_ide/bitstream/hdmi_text_controller_top.bit"
19:37:33 INFO  : Context for processor 'microblaze_0' is selected.
19:37:33 INFO  : Hardware design and registers information is loaded from 'C:/Users/adamj/Desktop/Vitis/Lab6/workspace/hdmi_text_controller_wrapper/export/hdmi_text_controller_wrapper/hw/hdmi_text_controller_top.xsa'.
19:37:33 INFO  : 'configparams mdm-detect-bscan-mask 2' command is executed.
19:37:33 INFO  : Context for processor 'microblaze_0' is selected.
19:37:33 INFO  : System reset is completed.
19:37:36 INFO  : 'after 3000' command is executed.
19:37:36 INFO  : Context for processor 'microblaze_0' is selected.
19:37:36 INFO  : The application 'C:/Users/adamj/Desktop/Vitis/Lab6/workspace/text_controller/Debug/text_controller.elf' is downloaded to processor 'microblaze_0'.
19:37:36 INFO  : ----------------XSDB Script----------------
connect -url tcp:127.0.0.1:3121
targets -set -filter {jtag_cable_name =~ "RealDigital Boo 8874042402C7A" && level==0 && jtag_device_ctx=="jsn1-0362f093-0"}
fpga -file C:/Users/adamj/Desktop/Vitis/Lab6/workspace/text_controller/_ide/bitstream/hdmi_text_controller_top.bit
targets -set -nocase -filter {name =~ "*microblaze*#0" && bscan=="USER2" }
loadhw -hw C:/Users/adamj/Desktop/Vitis/Lab6/workspace/hdmi_text_controller_wrapper/export/hdmi_text_controller_wrapper/hw/hdmi_text_controller_top.xsa -regs
configparams mdm-detect-bscan-mask 2
targets -set -nocase -filter {name =~ "*microblaze*#0" && bscan=="USER2" }
rst -system
after 3000
targets -set -nocase -filter {name =~ "*microblaze*#0" && bscan=="USER2" }
dow C:/Users/adamj/Desktop/Vitis/Lab6/workspace/text_controller/Debug/text_controller.elf
----------------End of Script----------------

19:37:36 INFO  : Context for processor 'microblaze_0' is selected.
19:37:36 INFO  : 'con' command is executed.
19:37:36 INFO  : ----------------XSDB Script (After Launch)----------------
targets -set -nocase -filter {name =~ "*microblaze*#0" && bscan=="USER2" }
con
----------------End of Script----------------

19:37:36 INFO  : Launch script is exported to file 'C:\Users\adamj\Desktop\Vitis\Lab6\workspace\text_controller_system\_ide\scripts\systemdebugger_text_controller_system_standalone.tcl'
21:44:06 INFO  : Hardware specification for platform project 'hdmi_text_controller_wrapper' is updated.
21:44:17 INFO  : Result from executing command 'removePlatformRepo': 
21:44:38 ERROR : The platform 'C:/Users/adamj/Desktop/Vitis/Lab6/workspace/hdmi_text_controller_wrapper/export/hdmi_text_controller_wrapper/hdmi_text_controller_wrapper.xpfm' used by the system project 'text_controller_system' is not valid.
21:45:16 INFO  : Result from executing command 'getProjects': hdmi_text_controller_wrapper
21:45:16 INFO  : Result from executing command 'getPlatforms': xilinx_vck190_base_202220_1|C:/Xilinx/Vitis/2022.2/base_platforms/xilinx_vck190_base_202220_1/xilinx_vck190_base_202220_1.xpfm;xilinx_vck190_base_dfx_202220_1|C:/Xilinx/Vitis/2022.2/base_platforms/xilinx_vck190_base_dfx_202220_1/xilinx_vck190_base_dfx_202220_1.xpfm;xilinx_vmk180_base_202220_1|C:/Xilinx/Vitis/2022.2/base_platforms/xilinx_vmk180_base_202220_1/xilinx_vmk180_base_202220_1.xpfm;xilinx_zcu102_base_202220_1|C:/Xilinx/Vitis/2022.2/base_platforms/xilinx_zcu102_base_202220_1/xilinx_zcu102_base_202220_1.xpfm;xilinx_zcu102_base_dfx_202220_1|C:/Xilinx/Vitis/2022.2/base_platforms/xilinx_zcu102_base_dfx_202220_1/xilinx_zcu102_base_dfx_202220_1.xpfm;xilinx_zcu104_base_202220_1|C:/Xilinx/Vitis/2022.2/base_platforms/xilinx_zcu104_base_202220_1/xilinx_zcu104_base_202220_1.xpfm
21:45:18 INFO  : Checking for BSP changes to sync application flags for project 'text_controller'...
21:45:21 INFO  : The hardware specification used by project 'text_controller' is out of sync with the platform. Resource files extracted from the hardware specification will be updated.
21:45:21 INFO  : The file 'C:\Users\adamj\Desktop\Vitis\Lab6\workspace\text_controller\_ide\bitstream\hdmi_text_controller_top.bit' stored in project is removed.
21:45:21 INFO  : The file 'C:\Users\adamj\Desktop\Vitis\Lab6\workspace\text_controller\_ide\bitstream\hdmi_text_controller_top.mmi' stored in project is removed.
21:45:21 INFO  : The updated bitstream files are copied from platform to folder 'C:\Users\adamj\Desktop\Vitis\Lab6\workspace\text_controller\_ide\bitstream' in project 'text_controller'.
21:45:26 INFO  : Disconnected from the channel tcfchan#65.
21:45:26 INFO  : Connected to target on host '127.0.0.1' and port '3121'.
21:45:26 INFO  : Jtag cable 'RealDigital Boo 8874042402C7A' is selected.
21:45:26 INFO  : 'jtag frequency' command is executed.
21:45:26 INFO  : 'targets -set -filter {jtag_cable_name =~ "RealDigital Boo 8874042402C7A" && level==0 && jtag_device_ctx=="jsn1-0362f093-0"}' command is executed.
21:45:28 INFO  : Device configured successfully with "C:/Users/adamj/Desktop/Vitis/Lab6/workspace/text_controller/_ide/bitstream/hdmi_text_controller_top.bit"
21:45:28 INFO  : Context for processor 'microblaze_0' is selected.
21:45:28 INFO  : Hardware design and registers information is loaded from 'C:/Users/adamj/Desktop/Vitis/Lab6/workspace/hdmi_text_controller_wrapper/export/hdmi_text_controller_wrapper/hw/hdmi_text_controller_top.xsa'.
21:45:28 INFO  : 'configparams mdm-detect-bscan-mask 2' command is executed.
21:45:28 INFO  : Context for processor 'microblaze_0' is selected.
21:45:28 INFO  : System reset is completed.
21:45:31 INFO  : 'after 3000' command is executed.
21:45:31 INFO  : Context for processor 'microblaze_0' is selected.
21:45:31 INFO  : The application 'C:/Users/adamj/Desktop/Vitis/Lab6/workspace/text_controller/Debug/text_controller.elf' is downloaded to processor 'microblaze_0'.
21:45:31 INFO  : ----------------XSDB Script----------------
connect -url tcp:127.0.0.1:3121
targets -set -filter {jtag_cable_name =~ "RealDigital Boo 8874042402C7A" && level==0 && jtag_device_ctx=="jsn1-0362f093-0"}
fpga -file C:/Users/adamj/Desktop/Vitis/Lab6/workspace/text_controller/_ide/bitstream/hdmi_text_controller_top.bit
targets -set -nocase -filter {name =~ "*microblaze*#0" && bscan=="USER2" }
loadhw -hw C:/Users/adamj/Desktop/Vitis/Lab6/workspace/hdmi_text_controller_wrapper/export/hdmi_text_controller_wrapper/hw/hdmi_text_controller_top.xsa -regs
configparams mdm-detect-bscan-mask 2
targets -set -nocase -filter {name =~ "*microblaze*#0" && bscan=="USER2" }
rst -system
after 3000
targets -set -nocase -filter {name =~ "*microblaze*#0" && bscan=="USER2" }
dow C:/Users/adamj/Desktop/Vitis/Lab6/workspace/text_controller/Debug/text_controller.elf
----------------End of Script----------------

21:45:32 INFO  : Context for processor 'microblaze_0' is selected.
21:45:32 INFO  : 'con' command is executed.
21:45:32 INFO  : ----------------XSDB Script (After Launch)----------------
targets -set -nocase -filter {name =~ "*microblaze*#0" && bscan=="USER2" }
con
----------------End of Script----------------

21:45:32 INFO  : Launch script is exported to file 'C:\Users\adamj\Desktop\Vitis\Lab6\workspace\text_controller_system\_ide\scripts\systemdebugger_text_controller_system_standalone.tcl'
21:45:39 INFO  : Disconnected from the channel tcfchan#68.
21:45:39 INFO  : Connected to target on host '127.0.0.1' and port '3121'.
21:45:40 INFO  : Jtag cable 'RealDigital Boo 8874042402C7A' is selected.
21:45:40 INFO  : 'jtag frequency' command is executed.
21:45:40 INFO  : 'targets -set -filter {jtag_cable_name =~ "RealDigital Boo 8874042402C7A" && level==0 && jtag_device_ctx=="jsn1-0362f093-0"}' command is executed.
21:45:41 INFO  : Device configured successfully with "C:/Users/adamj/Desktop/Vitis/Lab6/workspace/text_controller/_ide/bitstream/hdmi_text_controller_top.bit"
21:45:41 INFO  : Context for processor 'microblaze_0' is selected.
21:45:41 INFO  : Hardware design and registers information is loaded from 'C:/Users/adamj/Desktop/Vitis/Lab6/workspace/hdmi_text_controller_wrapper/export/hdmi_text_controller_wrapper/hw/hdmi_text_controller_top.xsa'.
21:45:41 INFO  : 'configparams mdm-detect-bscan-mask 2' command is executed.
21:45:41 INFO  : Context for processor 'microblaze_0' is selected.
21:45:41 INFO  : System reset is completed.
21:45:44 INFO  : 'after 3000' command is executed.
21:45:44 INFO  : Context for processor 'microblaze_0' is selected.
21:45:45 INFO  : The application 'C:/Users/adamj/Desktop/Vitis/Lab6/workspace/text_controller/Debug/text_controller.elf' is downloaded to processor 'microblaze_0'.
21:45:45 INFO  : ----------------XSDB Script----------------
connect -url tcp:127.0.0.1:3121
targets -set -filter {jtag_cable_name =~ "RealDigital Boo 8874042402C7A" && level==0 && jtag_device_ctx=="jsn1-0362f093-0"}
fpga -file C:/Users/adamj/Desktop/Vitis/Lab6/workspace/text_controller/_ide/bitstream/hdmi_text_controller_top.bit
targets -set -nocase -filter {name =~ "*microblaze*#0" && bscan=="USER2" }
loadhw -hw C:/Users/adamj/Desktop/Vitis/Lab6/workspace/hdmi_text_controller_wrapper/export/hdmi_text_controller_wrapper/hw/hdmi_text_controller_top.xsa -regs
configparams mdm-detect-bscan-mask 2
targets -set -nocase -filter {name =~ "*microblaze*#0" && bscan=="USER2" }
rst -system
after 3000
targets -set -nocase -filter {name =~ "*microblaze*#0" && bscan=="USER2" }
dow C:/Users/adamj/Desktop/Vitis/Lab6/workspace/text_controller/Debug/text_controller.elf
----------------End of Script----------------

21:45:45 INFO  : Context for processor 'microblaze_0' is selected.
21:45:45 INFO  : 'con' command is executed.
21:45:45 INFO  : ----------------XSDB Script (After Launch)----------------
targets -set -nocase -filter {name =~ "*microblaze*#0" && bscan=="USER2" }
con
----------------End of Script----------------

21:45:45 INFO  : Launch script is exported to file 'C:\Users\adamj\Desktop\Vitis\Lab6\workspace\text_controller_system\_ide\scripts\systemdebugger_text_controller_system_standalone.tcl'
21:46:08 INFO  : Disconnected from the channel tcfchan#69.
21:46:08 INFO  : Connected to target on host '127.0.0.1' and port '3121'.
21:46:09 INFO  : Jtag cable 'RealDigital Boo 8874042402C7A' is selected.
21:46:09 INFO  : 'jtag frequency' command is executed.
21:46:09 INFO  : 'targets -set -filter {jtag_cable_name =~ "RealDigital Boo 8874042402C7A" && level==0 && jtag_device_ctx=="jsn1-0362f093-0"}' command is executed.
21:46:10 INFO  : Device configured successfully with "C:/Users/adamj/Desktop/Vitis/Lab6/workspace/text_controller/_ide/bitstream/hdmi_text_controller_top.bit"
21:46:10 INFO  : Context for processor 'microblaze_0' is selected.
21:46:10 INFO  : Hardware design and registers information is loaded from 'C:/Users/adamj/Desktop/Vitis/Lab6/workspace/hdmi_text_controller_wrapper/export/hdmi_text_controller_wrapper/hw/hdmi_text_controller_top.xsa'.
21:46:10 INFO  : 'configparams mdm-detect-bscan-mask 2' command is executed.
21:46:10 INFO  : Context for processor 'microblaze_0' is selected.
21:46:10 INFO  : System reset is completed.
21:46:13 INFO  : 'after 3000' command is executed.
21:46:13 INFO  : Context for processor 'microblaze_0' is selected.
21:46:14 INFO  : The application 'C:/Users/adamj/Desktop/Vitis/Lab6/workspace/text_controller/Debug/text_controller.elf' is downloaded to processor 'microblaze_0'.
21:46:14 INFO  : ----------------XSDB Script----------------
connect -url tcp:127.0.0.1:3121
targets -set -filter {jtag_cable_name =~ "RealDigital Boo 8874042402C7A" && level==0 && jtag_device_ctx=="jsn1-0362f093-0"}
fpga -file C:/Users/adamj/Desktop/Vitis/Lab6/workspace/text_controller/_ide/bitstream/hdmi_text_controller_top.bit
targets -set -nocase -filter {name =~ "*microblaze*#0" && bscan=="USER2" }
loadhw -hw C:/Users/adamj/Desktop/Vitis/Lab6/workspace/hdmi_text_controller_wrapper/export/hdmi_text_controller_wrapper/hw/hdmi_text_controller_top.xsa -regs
configparams mdm-detect-bscan-mask 2
targets -set -nocase -filter {name =~ "*microblaze*#0" && bscan=="USER2" }
rst -system
after 3000
targets -set -nocase -filter {name =~ "*microblaze*#0" && bscan=="USER2" }
dow C:/Users/adamj/Desktop/Vitis/Lab6/workspace/text_controller/Debug/text_controller.elf
----------------End of Script----------------

21:46:14 INFO  : Context for processor 'microblaze_0' is selected.
21:46:14 INFO  : 'con' command is executed.
21:46:14 INFO  : ----------------XSDB Script (After Launch)----------------
targets -set -nocase -filter {name =~ "*microblaze*#0" && bscan=="USER2" }
con
----------------End of Script----------------

21:46:14 INFO  : Launch script is exported to file 'C:\Users\adamj\Desktop\Vitis\Lab6\workspace\text_controller_system\_ide\scripts\systemdebugger_text_controller_system_standalone.tcl'
22:42:12 INFO  : Hardware specification for platform project 'hdmi_text_controller_wrapper' is updated.
22:42:27 INFO  : Result from executing command 'removePlatformRepo': 
22:42:53 ERROR : The platform 'C:/Users/adamj/Desktop/Vitis/Lab6/workspace/hdmi_text_controller_wrapper/export/hdmi_text_controller_wrapper/hdmi_text_controller_wrapper.xpfm' used by the system project 'text_controller_system' is not valid.
22:43:19 INFO  : Result from executing command 'getProjects': hdmi_text_controller_wrapper
22:43:19 INFO  : Result from executing command 'getPlatforms': xilinx_vck190_base_202220_1|C:/Xilinx/Vitis/2022.2/base_platforms/xilinx_vck190_base_202220_1/xilinx_vck190_base_202220_1.xpfm;xilinx_vck190_base_dfx_202220_1|C:/Xilinx/Vitis/2022.2/base_platforms/xilinx_vck190_base_dfx_202220_1/xilinx_vck190_base_dfx_202220_1.xpfm;xilinx_vmk180_base_202220_1|C:/Xilinx/Vitis/2022.2/base_platforms/xilinx_vmk180_base_202220_1/xilinx_vmk180_base_202220_1.xpfm;xilinx_zcu102_base_202220_1|C:/Xilinx/Vitis/2022.2/base_platforms/xilinx_zcu102_base_202220_1/xilinx_zcu102_base_202220_1.xpfm;xilinx_zcu102_base_dfx_202220_1|C:/Xilinx/Vitis/2022.2/base_platforms/xilinx_zcu102_base_dfx_202220_1/xilinx_zcu102_base_dfx_202220_1.xpfm;xilinx_zcu104_base_202220_1|C:/Xilinx/Vitis/2022.2/base_platforms/xilinx_zcu104_base_202220_1/xilinx_zcu104_base_202220_1.xpfm
22:43:21 INFO  : Checking for BSP changes to sync application flags for project 'text_controller'...
22:43:25 INFO  : The hardware specification used by project 'text_controller' is out of sync with the platform. Resource files extracted from the hardware specification will be updated.
22:43:25 INFO  : The file 'C:\Users\adamj\Desktop\Vitis\Lab6\workspace\text_controller\_ide\bitstream\hdmi_text_controller_top.bit' stored in project is removed.
22:43:25 INFO  : The file 'C:\Users\adamj\Desktop\Vitis\Lab6\workspace\text_controller\_ide\bitstream\hdmi_text_controller_top.mmi' stored in project is removed.
22:43:25 INFO  : The updated bitstream files are copied from platform to folder 'C:\Users\adamj\Desktop\Vitis\Lab6\workspace\text_controller\_ide\bitstream' in project 'text_controller'.
22:43:32 INFO  : Disconnected from the channel tcfchan#70.
22:43:32 INFO  : Connected to target on host '127.0.0.1' and port '3121'.
22:43:32 INFO  : Jtag cable 'RealDigital Boo 8874042402C7A' is selected.
22:43:32 INFO  : 'jtag frequency' command is executed.
22:43:32 INFO  : 'targets -set -filter {jtag_cable_name =~ "RealDigital Boo 8874042402C7A" && level==0 && jtag_device_ctx=="jsn1-0362f093-0"}' command is executed.
22:43:34 INFO  : Device configured successfully with "C:/Users/adamj/Desktop/Vitis/Lab6/workspace/text_controller/_ide/bitstream/hdmi_text_controller_top.bit"
22:43:34 INFO  : Context for processor 'microblaze_0' is selected.
22:43:34 INFO  : Hardware design and registers information is loaded from 'C:/Users/adamj/Desktop/Vitis/Lab6/workspace/hdmi_text_controller_wrapper/export/hdmi_text_controller_wrapper/hw/hdmi_text_controller_top.xsa'.
22:43:34 INFO  : 'configparams mdm-detect-bscan-mask 2' command is executed.
22:43:34 INFO  : Context for processor 'microblaze_0' is selected.
22:43:34 INFO  : System reset is completed.
22:43:37 INFO  : 'after 3000' command is executed.
22:43:37 INFO  : Context for processor 'microblaze_0' is selected.
22:43:37 INFO  : The application 'C:/Users/adamj/Desktop/Vitis/Lab6/workspace/text_controller/Debug/text_controller.elf' is downloaded to processor 'microblaze_0'.
22:43:37 INFO  : ----------------XSDB Script----------------
connect -url tcp:127.0.0.1:3121
targets -set -filter {jtag_cable_name =~ "RealDigital Boo 8874042402C7A" && level==0 && jtag_device_ctx=="jsn1-0362f093-0"}
fpga -file C:/Users/adamj/Desktop/Vitis/Lab6/workspace/text_controller/_ide/bitstream/hdmi_text_controller_top.bit
targets -set -nocase -filter {name =~ "*microblaze*#0" && bscan=="USER2" }
loadhw -hw C:/Users/adamj/Desktop/Vitis/Lab6/workspace/hdmi_text_controller_wrapper/export/hdmi_text_controller_wrapper/hw/hdmi_text_controller_top.xsa -regs
configparams mdm-detect-bscan-mask 2
targets -set -nocase -filter {name =~ "*microblaze*#0" && bscan=="USER2" }
rst -system
after 3000
targets -set -nocase -filter {name =~ "*microblaze*#0" && bscan=="USER2" }
dow C:/Users/adamj/Desktop/Vitis/Lab6/workspace/text_controller/Debug/text_controller.elf
----------------End of Script----------------

22:43:37 INFO  : Context for processor 'microblaze_0' is selected.
22:43:38 INFO  : 'con' command is executed.
22:43:38 INFO  : ----------------XSDB Script (After Launch)----------------
targets -set -nocase -filter {name =~ "*microblaze*#0" && bscan=="USER2" }
con
----------------End of Script----------------

22:43:38 INFO  : Launch script is exported to file 'C:\Users\adamj\Desktop\Vitis\Lab6\workspace\text_controller_system\_ide\scripts\systemdebugger_text_controller_system_standalone.tcl'
22:44:04 INFO  : Disconnected from the channel tcfchan#73.
22:44:04 INFO  : Connected to target on host '127.0.0.1' and port '3121'.
22:44:04 INFO  : Jtag cable 'RealDigital Boo 8874042402C7A' is selected.
22:44:04 INFO  : 'jtag frequency' command is executed.
22:44:04 INFO  : 'targets -set -filter {jtag_cable_name =~ "RealDigital Boo 8874042402C7A" && level==0 && jtag_device_ctx=="jsn1-0362f093-0"}' command is executed.
22:44:06 INFO  : Device configured successfully with "C:/Users/adamj/Desktop/Vitis/Lab6/workspace/text_controller/_ide/bitstream/hdmi_text_controller_top.bit"
22:44:06 INFO  : Context for processor 'microblaze_0' is selected.
22:44:06 INFO  : Hardware design and registers information is loaded from 'C:/Users/adamj/Desktop/Vitis/Lab6/workspace/hdmi_text_controller_wrapper/export/hdmi_text_controller_wrapper/hw/hdmi_text_controller_top.xsa'.
22:44:06 INFO  : 'configparams mdm-detect-bscan-mask 2' command is executed.
22:44:06 INFO  : Context for processor 'microblaze_0' is selected.
22:44:06 INFO  : System reset is completed.
22:44:09 INFO  : 'after 3000' command is executed.
22:44:09 INFO  : Context for processor 'microblaze_0' is selected.
22:44:09 INFO  : The application 'C:/Users/adamj/Desktop/Vitis/Lab6/workspace/text_controller/Debug/text_controller.elf' is downloaded to processor 'microblaze_0'.
22:44:09 INFO  : ----------------XSDB Script----------------
connect -url tcp:127.0.0.1:3121
targets -set -filter {jtag_cable_name =~ "RealDigital Boo 8874042402C7A" && level==0 && jtag_device_ctx=="jsn1-0362f093-0"}
fpga -file C:/Users/adamj/Desktop/Vitis/Lab6/workspace/text_controller/_ide/bitstream/hdmi_text_controller_top.bit
targets -set -nocase -filter {name =~ "*microblaze*#0" && bscan=="USER2" }
loadhw -hw C:/Users/adamj/Desktop/Vitis/Lab6/workspace/hdmi_text_controller_wrapper/export/hdmi_text_controller_wrapper/hw/hdmi_text_controller_top.xsa -regs
configparams mdm-detect-bscan-mask 2
targets -set -nocase -filter {name =~ "*microblaze*#0" && bscan=="USER2" }
rst -system
after 3000
targets -set -nocase -filter {name =~ "*microblaze*#0" && bscan=="USER2" }
dow C:/Users/adamj/Desktop/Vitis/Lab6/workspace/text_controller/Debug/text_controller.elf
----------------End of Script----------------

22:44:10 INFO  : Context for processor 'microblaze_0' is selected.
22:44:10 INFO  : 'con' command is executed.
22:44:10 INFO  : ----------------XSDB Script (After Launch)----------------
targets -set -nocase -filter {name =~ "*microblaze*#0" && bscan=="USER2" }
con
----------------End of Script----------------

22:44:10 INFO  : Launch script is exported to file 'C:\Users\adamj\Desktop\Vitis\Lab6\workspace\text_controller_system\_ide\scripts\systemdebugger_text_controller_system_standalone.tcl'
23:51:57 INFO  : Hardware specification for platform project 'hdmi_text_controller_wrapper' is updated.
23:52:08 INFO  : Result from executing command 'removePlatformRepo': 
23:52:33 INFO  : Result from executing command 'getProjects': hdmi_text_controller_wrapper
23:52:33 INFO  : Result from executing command 'getPlatforms': xilinx_vck190_base_202220_1|C:/Xilinx/Vitis/2022.2/base_platforms/xilinx_vck190_base_202220_1/xilinx_vck190_base_202220_1.xpfm;xilinx_vck190_base_dfx_202220_1|C:/Xilinx/Vitis/2022.2/base_platforms/xilinx_vck190_base_dfx_202220_1/xilinx_vck190_base_dfx_202220_1.xpfm;xilinx_vmk180_base_202220_1|C:/Xilinx/Vitis/2022.2/base_platforms/xilinx_vmk180_base_202220_1/xilinx_vmk180_base_202220_1.xpfm;xilinx_zcu102_base_202220_1|C:/Xilinx/Vitis/2022.2/base_platforms/xilinx_zcu102_base_202220_1/xilinx_zcu102_base_202220_1.xpfm;xilinx_zcu102_base_dfx_202220_1|C:/Xilinx/Vitis/2022.2/base_platforms/xilinx_zcu102_base_dfx_202220_1/xilinx_zcu102_base_dfx_202220_1.xpfm;xilinx_zcu104_base_202220_1|C:/Xilinx/Vitis/2022.2/base_platforms/xilinx_zcu104_base_202220_1/xilinx_zcu104_base_202220_1.xpfm
23:52:36 INFO  : Checking for BSP changes to sync application flags for project 'text_controller'...
23:52:40 INFO  : The hardware specification used by project 'text_controller' is out of sync with the platform. Resource files extracted from the hardware specification will be updated.
23:52:40 INFO  : The file 'C:\Users\adamj\Desktop\Vitis\Lab6\workspace\text_controller\_ide\bitstream\hdmi_text_controller_top.bit' stored in project is removed.
23:52:40 INFO  : The file 'C:\Users\adamj\Desktop\Vitis\Lab6\workspace\text_controller\_ide\bitstream\hdmi_text_controller_top.mmi' stored in project is removed.
23:52:40 INFO  : The updated bitstream files are copied from platform to folder 'C:\Users\adamj\Desktop\Vitis\Lab6\workspace\text_controller\_ide\bitstream' in project 'text_controller'.
23:52:41 INFO  : Disconnected from the channel tcfchan#74.
23:52:41 INFO  : Connected to target on host '127.0.0.1' and port '3121'.
23:52:42 INFO  : Jtag cable 'RealDigital Boo 8874042402C7A' is selected.
23:52:42 INFO  : 'jtag frequency' command is executed.
23:52:42 INFO  : 'targets -set -filter {jtag_cable_name =~ "RealDigital Boo 8874042402C7A" && level==0 && jtag_device_ctx=="jsn1-0362f093-0"}' command is executed.
23:52:43 INFO  : Device configured successfully with "C:/Users/adamj/Desktop/Vitis/Lab6/workspace/text_controller/_ide/bitstream/hdmi_text_controller_top.bit"
23:52:43 INFO  : Context for processor 'microblaze_0' is selected.
23:52:43 INFO  : Hardware design and registers information is loaded from 'C:/Users/adamj/Desktop/Vitis/Lab6/workspace/hdmi_text_controller_wrapper/export/hdmi_text_controller_wrapper/hw/hdmi_text_controller_top.xsa'.
23:52:43 INFO  : 'configparams mdm-detect-bscan-mask 2' command is executed.
23:52:43 INFO  : Context for processor 'microblaze_0' is selected.
23:52:43 INFO  : System reset is completed.
23:52:46 INFO  : 'after 3000' command is executed.
23:52:47 INFO  : Context for processor 'microblaze_0' is selected.
23:52:47 INFO  : The application 'C:/Users/adamj/Desktop/Vitis/Lab6/workspace/text_controller/Debug/text_controller.elf' is downloaded to processor 'microblaze_0'.
23:52:47 INFO  : ----------------XSDB Script----------------
connect -url tcp:127.0.0.1:3121
targets -set -filter {jtag_cable_name =~ "RealDigital Boo 8874042402C7A" && level==0 && jtag_device_ctx=="jsn1-0362f093-0"}
fpga -file C:/Users/adamj/Desktop/Vitis/Lab6/workspace/text_controller/_ide/bitstream/hdmi_text_controller_top.bit
targets -set -nocase -filter {name =~ "*microblaze*#0" && bscan=="USER2" }
loadhw -hw C:/Users/adamj/Desktop/Vitis/Lab6/workspace/hdmi_text_controller_wrapper/export/hdmi_text_controller_wrapper/hw/hdmi_text_controller_top.xsa -regs
configparams mdm-detect-bscan-mask 2
targets -set -nocase -filter {name =~ "*microblaze*#0" && bscan=="USER2" }
rst -system
after 3000
targets -set -nocase -filter {name =~ "*microblaze*#0" && bscan=="USER2" }
dow C:/Users/adamj/Desktop/Vitis/Lab6/workspace/text_controller/Debug/text_controller.elf
----------------End of Script----------------

23:52:47 INFO  : Context for processor 'microblaze_0' is selected.
23:52:47 INFO  : 'con' command is executed.
23:52:47 INFO  : ----------------XSDB Script (After Launch)----------------
targets -set -nocase -filter {name =~ "*microblaze*#0" && bscan=="USER2" }
con
----------------End of Script----------------

23:52:47 INFO  : Launch script is exported to file 'C:\Users\adamj\Desktop\Vitis\Lab6\workspace\text_controller_system\_ide\scripts\systemdebugger_text_controller_system_standalone.tcl'
02:02:15 INFO  : Hardware specification for platform project 'hdmi_text_controller_wrapper' is updated.
02:03:17 INFO  : Result from executing command 'removePlatformRepo': 
02:03:45 INFO  : Result from executing command 'getProjects': hdmi_text_controller_wrapper
02:03:45 INFO  : Result from executing command 'getPlatforms': xilinx_vck190_base_202220_1|C:/Xilinx/Vitis/2022.2/base_platforms/xilinx_vck190_base_202220_1/xilinx_vck190_base_202220_1.xpfm;xilinx_vck190_base_dfx_202220_1|C:/Xilinx/Vitis/2022.2/base_platforms/xilinx_vck190_base_dfx_202220_1/xilinx_vck190_base_dfx_202220_1.xpfm;xilinx_vmk180_base_202220_1|C:/Xilinx/Vitis/2022.2/base_platforms/xilinx_vmk180_base_202220_1/xilinx_vmk180_base_202220_1.xpfm;xilinx_zcu102_base_202220_1|C:/Xilinx/Vitis/2022.2/base_platforms/xilinx_zcu102_base_202220_1/xilinx_zcu102_base_202220_1.xpfm;xilinx_zcu102_base_dfx_202220_1|C:/Xilinx/Vitis/2022.2/base_platforms/xilinx_zcu102_base_dfx_202220_1/xilinx_zcu102_base_dfx_202220_1.xpfm;xilinx_zcu104_base_202220_1|C:/Xilinx/Vitis/2022.2/base_platforms/xilinx_zcu104_base_202220_1/xilinx_zcu104_base_202220_1.xpfm
02:03:47 INFO  : Checking for BSP changes to sync application flags for project 'text_controller'...
02:03:51 INFO  : The hardware specification used by project 'text_controller' is out of sync with the platform. Resource files extracted from the hardware specification will be updated.
02:03:51 INFO  : The file 'C:\Users\adamj\Desktop\Vitis\Lab6\workspace\text_controller\_ide\bitstream\hdmi_text_controller_top.bit' stored in project is removed.
02:03:51 INFO  : The file 'C:\Users\adamj\Desktop\Vitis\Lab6\workspace\text_controller\_ide\bitstream\hdmi_text_controller_top.mmi' stored in project is removed.
02:03:51 INFO  : The updated bitstream files are copied from platform to folder 'C:\Users\adamj\Desktop\Vitis\Lab6\workspace\text_controller\_ide\bitstream' in project 'text_controller'.
02:03:54 INFO  : Disconnected from the channel tcfchan#77.
02:03:54 INFO  : Connected to target on host '127.0.0.1' and port '3121'.
02:03:54 INFO  : Jtag cable 'RealDigital Boo 8874042402C7A' is selected.
02:03:54 INFO  : 'jtag frequency' command is executed.
02:03:55 INFO  : 'targets -set -filter {jtag_cable_name =~ "RealDigital Boo 8874042402C7A" && level==0 && jtag_device_ctx=="jsn1-0362f093-0"}' command is executed.
02:03:56 INFO  : Device configured successfully with "C:/Users/adamj/Desktop/Vitis/Lab6/workspace/text_controller/_ide/bitstream/hdmi_text_controller_top.bit"
02:03:56 INFO  : Context for processor 'microblaze_0' is selected.
02:03:56 INFO  : Hardware design and registers information is loaded from 'C:/Users/adamj/Desktop/Vitis/Lab6/workspace/hdmi_text_controller_wrapper/export/hdmi_text_controller_wrapper/hw/hdmi_text_controller_top.xsa'.
02:03:56 INFO  : 'configparams mdm-detect-bscan-mask 2' command is executed.
02:03:56 INFO  : Context for processor 'microblaze_0' is selected.
02:03:56 INFO  : System reset is completed.
02:03:59 INFO  : 'after 3000' command is executed.
02:03:59 INFO  : Context for processor 'microblaze_0' is selected.
02:04:00 INFO  : The application 'C:/Users/adamj/Desktop/Vitis/Lab6/workspace/text_controller/Debug/text_controller.elf' is downloaded to processor 'microblaze_0'.
02:04:00 INFO  : ----------------XSDB Script----------------
connect -url tcp:127.0.0.1:3121
targets -set -filter {jtag_cable_name =~ "RealDigital Boo 8874042402C7A" && level==0 && jtag_device_ctx=="jsn1-0362f093-0"}
fpga -file C:/Users/adamj/Desktop/Vitis/Lab6/workspace/text_controller/_ide/bitstream/hdmi_text_controller_top.bit
targets -set -nocase -filter {name =~ "*microblaze*#0" && bscan=="USER2" }
loadhw -hw C:/Users/adamj/Desktop/Vitis/Lab6/workspace/hdmi_text_controller_wrapper/export/hdmi_text_controller_wrapper/hw/hdmi_text_controller_top.xsa -regs
configparams mdm-detect-bscan-mask 2
targets -set -nocase -filter {name =~ "*microblaze*#0" && bscan=="USER2" }
rst -system
after 3000
targets -set -nocase -filter {name =~ "*microblaze*#0" && bscan=="USER2" }
dow C:/Users/adamj/Desktop/Vitis/Lab6/workspace/text_controller/Debug/text_controller.elf
----------------End of Script----------------

02:04:00 INFO  : Context for processor 'microblaze_0' is selected.
02:04:00 INFO  : 'con' command is executed.
02:04:00 INFO  : ----------------XSDB Script (After Launch)----------------
targets -set -nocase -filter {name =~ "*microblaze*#0" && bscan=="USER2" }
con
----------------End of Script----------------

02:04:00 INFO  : Launch script is exported to file 'C:\Users\adamj\Desktop\Vitis\Lab6\workspace\text_controller_system\_ide\scripts\systemdebugger_text_controller_system_standalone.tcl'
02:35:25 INFO  : Disconnected from the channel tcfchan#80.
02:35:26 INFO  : Connected to target on host '127.0.0.1' and port '3121'.
02:35:26 INFO  : Jtag cable 'RealDigital Boo 8874042402C7A' is selected.
02:35:26 INFO  : 'jtag frequency' command is executed.
02:35:26 INFO  : 'targets -set -filter {jtag_cable_name =~ "RealDigital Boo 8874042402C7A" && level==0 && jtag_device_ctx=="jsn1-0362f093-0"}' command is executed.
02:35:28 INFO  : Device configured successfully with "C:/Users/adamj/Desktop/Vitis/Lab6/workspace/text_controller/_ide/bitstream/hdmi_text_controller_top.bit"
02:35:28 INFO  : Context for processor 'microblaze_0' is selected.
02:35:28 INFO  : Hardware design and registers information is loaded from 'C:/Users/adamj/Desktop/Vitis/Lab6/workspace/hdmi_text_controller_wrapper/export/hdmi_text_controller_wrapper/hw/hdmi_text_controller_top.xsa'.
02:35:28 INFO  : 'configparams mdm-detect-bscan-mask 2' command is executed.
02:35:28 INFO  : Context for processor 'microblaze_0' is selected.
02:35:28 INFO  : System reset is completed.
02:35:31 INFO  : 'after 3000' command is executed.
02:35:31 INFO  : Context for processor 'microblaze_0' is selected.
02:35:31 INFO  : The application 'C:/Users/adamj/Desktop/Vitis/Lab6/workspace/text_controller/Debug/text_controller.elf' is downloaded to processor 'microblaze_0'.
02:35:31 INFO  : ----------------XSDB Script----------------
connect -url tcp:127.0.0.1:3121
targets -set -filter {jtag_cable_name =~ "RealDigital Boo 8874042402C7A" && level==0 && jtag_device_ctx=="jsn1-0362f093-0"}
fpga -file C:/Users/adamj/Desktop/Vitis/Lab6/workspace/text_controller/_ide/bitstream/hdmi_text_controller_top.bit
targets -set -nocase -filter {name =~ "*microblaze*#0" && bscan=="USER2" }
loadhw -hw C:/Users/adamj/Desktop/Vitis/Lab6/workspace/hdmi_text_controller_wrapper/export/hdmi_text_controller_wrapper/hw/hdmi_text_controller_top.xsa -regs
configparams mdm-detect-bscan-mask 2
targets -set -nocase -filter {name =~ "*microblaze*#0" && bscan=="USER2" }
rst -system
after 3000
targets -set -nocase -filter {name =~ "*microblaze*#0" && bscan=="USER2" }
dow C:/Users/adamj/Desktop/Vitis/Lab6/workspace/text_controller/Debug/text_controller.elf
----------------End of Script----------------

02:35:31 INFO  : Context for processor 'microblaze_0' is selected.
02:35:32 INFO  : 'con' command is executed.
02:35:32 INFO  : ----------------XSDB Script (After Launch)----------------
targets -set -nocase -filter {name =~ "*microblaze*#0" && bscan=="USER2" }
con
----------------End of Script----------------

02:35:32 INFO  : Launch script is exported to file 'C:\Users\adamj\Desktop\Vitis\Lab6\workspace\text_controller_system\_ide\scripts\systemdebugger_text_controller_system_standalone.tcl'
02:49:36 INFO  : Result from executing command 'removePlatformRepo': 
02:49:40 INFO  : Hardware specification for platform project 'hdmi_text_controller_wrapper' is updated.
02:49:51 ERROR : Error from executing command 'removePlatformRepo': ERROR: No valid directory exists at given path.
02:50:17 INFO  : Result from executing command 'getProjects': hdmi_text_controller_wrapper
02:50:17 INFO  : Result from executing command 'getPlatforms': xilinx_vck190_base_202220_1|C:/Xilinx/Vitis/2022.2/base_platforms/xilinx_vck190_base_202220_1/xilinx_vck190_base_202220_1.xpfm;xilinx_vck190_base_dfx_202220_1|C:/Xilinx/Vitis/2022.2/base_platforms/xilinx_vck190_base_dfx_202220_1/xilinx_vck190_base_dfx_202220_1.xpfm;xilinx_vmk180_base_202220_1|C:/Xilinx/Vitis/2022.2/base_platforms/xilinx_vmk180_base_202220_1/xilinx_vmk180_base_202220_1.xpfm;xilinx_zcu102_base_202220_1|C:/Xilinx/Vitis/2022.2/base_platforms/xilinx_zcu102_base_202220_1/xilinx_zcu102_base_202220_1.xpfm;xilinx_zcu102_base_dfx_202220_1|C:/Xilinx/Vitis/2022.2/base_platforms/xilinx_zcu102_base_dfx_202220_1/xilinx_zcu102_base_dfx_202220_1.xpfm;xilinx_zcu104_base_202220_1|C:/Xilinx/Vitis/2022.2/base_platforms/xilinx_zcu104_base_202220_1/xilinx_zcu104_base_202220_1.xpfm
02:50:19 INFO  : Checking for BSP changes to sync application flags for project 'text_controller'...
02:50:23 INFO  : The hardware specification used by project 'text_controller' is out of sync with the platform. Resource files extracted from the hardware specification will be updated.
02:50:23 INFO  : The file 'C:\Users\adamj\Desktop\Vitis\Lab6\workspace\text_controller\_ide\bitstream\hdmi_text_controller_top.bit' stored in project is removed.
02:50:23 INFO  : The file 'C:\Users\adamj\Desktop\Vitis\Lab6\workspace\text_controller\_ide\bitstream\hdmi_text_controller_top.mmi' stored in project is removed.
02:50:23 INFO  : The updated bitstream files are copied from platform to folder 'C:\Users\adamj\Desktop\Vitis\Lab6\workspace\text_controller\_ide\bitstream' in project 'text_controller'.
02:50:25 INFO  : Disconnected from the channel tcfchan#81.
02:50:25 INFO  : Connected to target on host '127.0.0.1' and port '3121'.
02:50:25 INFO  : Jtag cable 'RealDigital Boo 8874042402C7A' is selected.
02:50:25 INFO  : 'jtag frequency' command is executed.
02:50:26 INFO  : 'targets -set -filter {jtag_cable_name =~ "RealDigital Boo 8874042402C7A" && level==0 && jtag_device_ctx=="jsn1-0362f093-0"}' command is executed.
02:50:27 INFO  : Device configured successfully with "C:/Users/adamj/Desktop/Vitis/Lab6/workspace/text_controller/_ide/bitstream/hdmi_text_controller_top.bit"
02:50:27 INFO  : Context for processor 'microblaze_0' is selected.
02:50:27 INFO  : Hardware design and registers information is loaded from 'C:/Users/adamj/Desktop/Vitis/Lab6/workspace/hdmi_text_controller_wrapper/export/hdmi_text_controller_wrapper/hw/hdmi_text_controller_top.xsa'.
02:50:27 INFO  : 'configparams mdm-detect-bscan-mask 2' command is executed.
02:50:27 INFO  : Context for processor 'microblaze_0' is selected.
02:50:27 INFO  : System reset is completed.
02:50:30 INFO  : 'after 3000' command is executed.
02:50:30 INFO  : Context for processor 'microblaze_0' is selected.
02:50:31 INFO  : The application 'C:/Users/adamj/Desktop/Vitis/Lab6/workspace/text_controller/Debug/text_controller.elf' is downloaded to processor 'microblaze_0'.
02:50:31 INFO  : ----------------XSDB Script----------------
connect -url tcp:127.0.0.1:3121
targets -set -filter {jtag_cable_name =~ "RealDigital Boo 8874042402C7A" && level==0 && jtag_device_ctx=="jsn1-0362f093-0"}
fpga -file C:/Users/adamj/Desktop/Vitis/Lab6/workspace/text_controller/_ide/bitstream/hdmi_text_controller_top.bit
targets -set -nocase -filter {name =~ "*microblaze*#0" && bscan=="USER2" }
loadhw -hw C:/Users/adamj/Desktop/Vitis/Lab6/workspace/hdmi_text_controller_wrapper/export/hdmi_text_controller_wrapper/hw/hdmi_text_controller_top.xsa -regs
configparams mdm-detect-bscan-mask 2
targets -set -nocase -filter {name =~ "*microblaze*#0" && bscan=="USER2" }
rst -system
after 3000
targets -set -nocase -filter {name =~ "*microblaze*#0" && bscan=="USER2" }
dow C:/Users/adamj/Desktop/Vitis/Lab6/workspace/text_controller/Debug/text_controller.elf
----------------End of Script----------------

02:50:31 INFO  : Context for processor 'microblaze_0' is selected.
02:50:31 INFO  : 'con' command is executed.
02:50:31 INFO  : ----------------XSDB Script (After Launch)----------------
targets -set -nocase -filter {name =~ "*microblaze*#0" && bscan=="USER2" }
con
----------------End of Script----------------

02:50:31 INFO  : Launch script is exported to file 'C:\Users\adamj\Desktop\Vitis\Lab6\workspace\text_controller_system\_ide\scripts\systemdebugger_text_controller_system_standalone.tcl'
03:26:27 INFO  : Hardware specification for platform project 'hdmi_text_controller_wrapper' is updated.
03:26:38 INFO  : Result from executing command 'removePlatformRepo': 
03:27:05 INFO  : Result from executing command 'getProjects': hdmi_text_controller_wrapper
03:27:05 INFO  : Result from executing command 'getPlatforms': xilinx_vck190_base_202220_1|C:/Xilinx/Vitis/2022.2/base_platforms/xilinx_vck190_base_202220_1/xilinx_vck190_base_202220_1.xpfm;xilinx_vck190_base_dfx_202220_1|C:/Xilinx/Vitis/2022.2/base_platforms/xilinx_vck190_base_dfx_202220_1/xilinx_vck190_base_dfx_202220_1.xpfm;xilinx_vmk180_base_202220_1|C:/Xilinx/Vitis/2022.2/base_platforms/xilinx_vmk180_base_202220_1/xilinx_vmk180_base_202220_1.xpfm;xilinx_zcu102_base_202220_1|C:/Xilinx/Vitis/2022.2/base_platforms/xilinx_zcu102_base_202220_1/xilinx_zcu102_base_202220_1.xpfm;xilinx_zcu102_base_dfx_202220_1|C:/Xilinx/Vitis/2022.2/base_platforms/xilinx_zcu102_base_dfx_202220_1/xilinx_zcu102_base_dfx_202220_1.xpfm;xilinx_zcu104_base_202220_1|C:/Xilinx/Vitis/2022.2/base_platforms/xilinx_zcu104_base_202220_1/xilinx_zcu104_base_202220_1.xpfm
03:27:07 INFO  : Checking for BSP changes to sync application flags for project 'text_controller'...
03:27:11 INFO  : The hardware specification used by project 'text_controller' is out of sync with the platform. Resource files extracted from the hardware specification will be updated.
03:27:11 INFO  : The file 'C:\Users\adamj\Desktop\Vitis\Lab6\workspace\text_controller\_ide\bitstream\hdmi_text_controller_top.bit' stored in project is removed.
03:27:11 INFO  : The file 'C:\Users\adamj\Desktop\Vitis\Lab6\workspace\text_controller\_ide\bitstream\hdmi_text_controller_top.mmi' stored in project is removed.
03:27:11 INFO  : The updated bitstream files are copied from platform to folder 'C:\Users\adamj\Desktop\Vitis\Lab6\workspace\text_controller\_ide\bitstream' in project 'text_controller'.
03:27:18 INFO  : Disconnected from the channel tcfchan#85.
03:27:18 INFO  : Connected to target on host '127.0.0.1' and port '3121'.
03:27:18 INFO  : Jtag cable 'RealDigital Boo 8874042402C7A' is selected.
03:27:18 INFO  : 'jtag frequency' command is executed.
03:27:18 INFO  : 'targets -set -filter {jtag_cable_name =~ "RealDigital Boo 8874042402C7A" && level==0 && jtag_device_ctx=="jsn1-0362f093-0"}' command is executed.
03:27:20 INFO  : Device configured successfully with "C:/Users/adamj/Desktop/Vitis/Lab6/workspace/text_controller/_ide/bitstream/hdmi_text_controller_top.bit"
03:27:20 INFO  : Context for processor 'microblaze_0' is selected.
03:27:20 INFO  : Hardware design and registers information is loaded from 'C:/Users/adamj/Desktop/Vitis/Lab6/workspace/hdmi_text_controller_wrapper/export/hdmi_text_controller_wrapper/hw/hdmi_text_controller_top.xsa'.
03:27:20 INFO  : 'configparams mdm-detect-bscan-mask 2' command is executed.
03:27:20 INFO  : Context for processor 'microblaze_0' is selected.
03:27:20 INFO  : System reset is completed.
03:27:23 INFO  : 'after 3000' command is executed.
03:27:23 INFO  : Context for processor 'microblaze_0' is selected.
03:27:23 INFO  : The application 'C:/Users/adamj/Desktop/Vitis/Lab6/workspace/text_controller/Debug/text_controller.elf' is downloaded to processor 'microblaze_0'.
03:27:23 INFO  : ----------------XSDB Script----------------
connect -url tcp:127.0.0.1:3121
targets -set -filter {jtag_cable_name =~ "RealDigital Boo 8874042402C7A" && level==0 && jtag_device_ctx=="jsn1-0362f093-0"}
fpga -file C:/Users/adamj/Desktop/Vitis/Lab6/workspace/text_controller/_ide/bitstream/hdmi_text_controller_top.bit
targets -set -nocase -filter {name =~ "*microblaze*#0" && bscan=="USER2" }
loadhw -hw C:/Users/adamj/Desktop/Vitis/Lab6/workspace/hdmi_text_controller_wrapper/export/hdmi_text_controller_wrapper/hw/hdmi_text_controller_top.xsa -regs
configparams mdm-detect-bscan-mask 2
targets -set -nocase -filter {name =~ "*microblaze*#0" && bscan=="USER2" }
rst -system
after 3000
targets -set -nocase -filter {name =~ "*microblaze*#0" && bscan=="USER2" }
dow C:/Users/adamj/Desktop/Vitis/Lab6/workspace/text_controller/Debug/text_controller.elf
----------------End of Script----------------

03:27:23 INFO  : Context for processor 'microblaze_0' is selected.
03:27:23 INFO  : 'con' command is executed.
03:27:23 INFO  : ----------------XSDB Script (After Launch)----------------
targets -set -nocase -filter {name =~ "*microblaze*#0" && bscan=="USER2" }
con
----------------End of Script----------------

03:27:23 INFO  : Launch script is exported to file 'C:\Users\adamj\Desktop\Vitis\Lab6\workspace\text_controller_system\_ide\scripts\systemdebugger_text_controller_system_standalone.tcl'
04:01:28 INFO  : Hardware specification for platform project 'hdmi_text_controller_wrapper' is updated.
04:01:39 INFO  : Result from executing command 'removePlatformRepo': 
04:02:04 INFO  : Result from executing command 'getProjects': hdmi_text_controller_wrapper
04:02:04 INFO  : Result from executing command 'getPlatforms': xilinx_vck190_base_202220_1|C:/Xilinx/Vitis/2022.2/base_platforms/xilinx_vck190_base_202220_1/xilinx_vck190_base_202220_1.xpfm;xilinx_vck190_base_dfx_202220_1|C:/Xilinx/Vitis/2022.2/base_platforms/xilinx_vck190_base_dfx_202220_1/xilinx_vck190_base_dfx_202220_1.xpfm;xilinx_vmk180_base_202220_1|C:/Xilinx/Vitis/2022.2/base_platforms/xilinx_vmk180_base_202220_1/xilinx_vmk180_base_202220_1.xpfm;xilinx_zcu102_base_202220_1|C:/Xilinx/Vitis/2022.2/base_platforms/xilinx_zcu102_base_202220_1/xilinx_zcu102_base_202220_1.xpfm;xilinx_zcu102_base_dfx_202220_1|C:/Xilinx/Vitis/2022.2/base_platforms/xilinx_zcu102_base_dfx_202220_1/xilinx_zcu102_base_dfx_202220_1.xpfm;xilinx_zcu104_base_202220_1|C:/Xilinx/Vitis/2022.2/base_platforms/xilinx_zcu104_base_202220_1/xilinx_zcu104_base_202220_1.xpfm
04:02:05 INFO  : Checking for BSP changes to sync application flags for project 'text_controller'...
04:02:09 INFO  : The hardware specification used by project 'text_controller' is out of sync with the platform. Resource files extracted from the hardware specification will be updated.
04:02:09 INFO  : The file 'C:\Users\adamj\Desktop\Vitis\Lab6\workspace\text_controller\_ide\bitstream\hdmi_text_controller_top.bit' stored in project is removed.
04:02:09 INFO  : The file 'C:\Users\adamj\Desktop\Vitis\Lab6\workspace\text_controller\_ide\bitstream\hdmi_text_controller_top.mmi' stored in project is removed.
04:02:09 INFO  : The updated bitstream files are copied from platform to folder 'C:\Users\adamj\Desktop\Vitis\Lab6\workspace\text_controller\_ide\bitstream' in project 'text_controller'.
04:02:14 INFO  : Disconnected from the channel tcfchan#88.
04:02:14 INFO  : Connected to target on host '127.0.0.1' and port '3121'.
04:02:14 INFO  : Jtag cable 'RealDigital Boo 8874042402C7A' is selected.
04:02:14 INFO  : 'jtag frequency' command is executed.
04:02:15 INFO  : 'targets -set -filter {jtag_cable_name =~ "RealDigital Boo 8874042402C7A" && level==0 && jtag_device_ctx=="jsn1-0362f093-0"}' command is executed.
04:02:16 INFO  : Device configured successfully with "C:/Users/adamj/Desktop/Vitis/Lab6/workspace/text_controller/_ide/bitstream/hdmi_text_controller_top.bit"
04:02:16 INFO  : Context for processor 'microblaze_0' is selected.
04:02:16 INFO  : Hardware design and registers information is loaded from 'C:/Users/adamj/Desktop/Vitis/Lab6/workspace/hdmi_text_controller_wrapper/export/hdmi_text_controller_wrapper/hw/hdmi_text_controller_top.xsa'.
04:02:16 INFO  : 'configparams mdm-detect-bscan-mask 2' command is executed.
04:02:16 INFO  : Context for processor 'microblaze_0' is selected.
04:02:16 INFO  : System reset is completed.
04:02:19 INFO  : 'after 3000' command is executed.
04:02:19 INFO  : Context for processor 'microblaze_0' is selected.
04:02:20 INFO  : The application 'C:/Users/adamj/Desktop/Vitis/Lab6/workspace/text_controller/Debug/text_controller.elf' is downloaded to processor 'microblaze_0'.
04:02:20 INFO  : ----------------XSDB Script----------------
connect -url tcp:127.0.0.1:3121
targets -set -filter {jtag_cable_name =~ "RealDigital Boo 8874042402C7A" && level==0 && jtag_device_ctx=="jsn1-0362f093-0"}
fpga -file C:/Users/adamj/Desktop/Vitis/Lab6/workspace/text_controller/_ide/bitstream/hdmi_text_controller_top.bit
targets -set -nocase -filter {name =~ "*microblaze*#0" && bscan=="USER2" }
loadhw -hw C:/Users/adamj/Desktop/Vitis/Lab6/workspace/hdmi_text_controller_wrapper/export/hdmi_text_controller_wrapper/hw/hdmi_text_controller_top.xsa -regs
configparams mdm-detect-bscan-mask 2
targets -set -nocase -filter {name =~ "*microblaze*#0" && bscan=="USER2" }
rst -system
after 3000
targets -set -nocase -filter {name =~ "*microblaze*#0" && bscan=="USER2" }
dow C:/Users/adamj/Desktop/Vitis/Lab6/workspace/text_controller/Debug/text_controller.elf
----------------End of Script----------------

04:02:20 INFO  : Context for processor 'microblaze_0' is selected.
04:02:20 INFO  : 'con' command is executed.
04:02:20 INFO  : ----------------XSDB Script (After Launch)----------------
targets -set -nocase -filter {name =~ "*microblaze*#0" && bscan=="USER2" }
con
----------------End of Script----------------

04:02:20 INFO  : Launch script is exported to file 'C:\Users\adamj\Desktop\Vitis\Lab6\workspace\text_controller_system\_ide\scripts\systemdebugger_text_controller_system_standalone.tcl'
04:05:10 INFO  : Disconnected from the channel tcfchan#91.
04:05:10 INFO  : Connected to target on host '127.0.0.1' and port '3121'.
04:05:10 INFO  : Jtag cable 'RealDigital Boo 8874042402C7A' is selected.
04:05:10 INFO  : 'jtag frequency' command is executed.
04:05:11 INFO  : 'targets -set -filter {jtag_cable_name =~ "RealDigital Boo 8874042402C7A" && level==0 && jtag_device_ctx=="jsn1-0362f093-0"}' command is executed.
04:05:12 INFO  : Device configured successfully with "C:/Users/adamj/Desktop/Vitis/Lab6/workspace/text_controller/_ide/bitstream/hdmi_text_controller_top.bit"
04:05:12 INFO  : Context for processor 'microblaze_0' is selected.
04:05:12 INFO  : Hardware design and registers information is loaded from 'C:/Users/adamj/Desktop/Vitis/Lab6/workspace/hdmi_text_controller_wrapper/export/hdmi_text_controller_wrapper/hw/hdmi_text_controller_top.xsa'.
04:05:12 INFO  : 'configparams mdm-detect-bscan-mask 2' command is executed.
04:05:12 INFO  : Context for processor 'microblaze_0' is selected.
04:05:12 INFO  : System reset is completed.
04:05:15 INFO  : 'after 3000' command is executed.
04:05:15 INFO  : Context for processor 'microblaze_0' is selected.
04:05:15 INFO  : The application 'C:/Users/adamj/Desktop/Vitis/Lab6/workspace/text_controller/Debug/text_controller.elf' is downloaded to processor 'microblaze_0'.
04:05:15 INFO  : ----------------XSDB Script----------------
connect -url tcp:127.0.0.1:3121
targets -set -filter {jtag_cable_name =~ "RealDigital Boo 8874042402C7A" && level==0 && jtag_device_ctx=="jsn1-0362f093-0"}
fpga -file C:/Users/adamj/Desktop/Vitis/Lab6/workspace/text_controller/_ide/bitstream/hdmi_text_controller_top.bit
targets -set -nocase -filter {name =~ "*microblaze*#0" && bscan=="USER2" }
loadhw -hw C:/Users/adamj/Desktop/Vitis/Lab6/workspace/hdmi_text_controller_wrapper/export/hdmi_text_controller_wrapper/hw/hdmi_text_controller_top.xsa -regs
configparams mdm-detect-bscan-mask 2
targets -set -nocase -filter {name =~ "*microblaze*#0" && bscan=="USER2" }
rst -system
after 3000
targets -set -nocase -filter {name =~ "*microblaze*#0" && bscan=="USER2" }
dow C:/Users/adamj/Desktop/Vitis/Lab6/workspace/text_controller/Debug/text_controller.elf
----------------End of Script----------------

04:05:15 INFO  : Context for processor 'microblaze_0' is selected.
04:05:16 INFO  : 'con' command is executed.
04:05:16 INFO  : ----------------XSDB Script (After Launch)----------------
targets -set -nocase -filter {name =~ "*microblaze*#0" && bscan=="USER2" }
con
----------------End of Script----------------

04:05:16 INFO  : Launch script is exported to file 'C:\Users\adamj\Desktop\Vitis\Lab6\workspace\text_controller_system\_ide\scripts\systemdebugger_text_controller_system_standalone.tcl'
04:05:55 INFO  : Disconnected from the channel tcfchan#92.
04:05:55 INFO  : Connected to target on host '127.0.0.1' and port '3121'.
04:05:56 INFO  : Jtag cable 'RealDigital Boo 8874042402C7A' is selected.
04:05:56 INFO  : 'jtag frequency' command is executed.
04:05:56 INFO  : 'targets -set -filter {jtag_cable_name =~ "RealDigital Boo 8874042402C7A" && level==0 && jtag_device_ctx=="jsn1-0362f093-0"}' command is executed.
04:05:57 INFO  : Device configured successfully with "C:/Users/adamj/Desktop/Vitis/Lab6/workspace/text_controller/_ide/bitstream/hdmi_text_controller_top.bit"
04:05:57 INFO  : Context for processor 'microblaze_0' is selected.
04:05:57 INFO  : Hardware design and registers information is loaded from 'C:/Users/adamj/Desktop/Vitis/Lab6/workspace/hdmi_text_controller_wrapper/export/hdmi_text_controller_wrapper/hw/hdmi_text_controller_top.xsa'.
04:05:57 INFO  : 'configparams mdm-detect-bscan-mask 2' command is executed.
04:05:57 INFO  : Context for processor 'microblaze_0' is selected.
04:05:58 INFO  : System reset is completed.
04:06:01 INFO  : 'after 3000' command is executed.
04:06:01 INFO  : Context for processor 'microblaze_0' is selected.
04:06:01 INFO  : The application 'C:/Users/adamj/Desktop/Vitis/Lab6/workspace/text_controller/Debug/text_controller.elf' is downloaded to processor 'microblaze_0'.
04:06:01 INFO  : ----------------XSDB Script----------------
connect -url tcp:127.0.0.1:3121
targets -set -filter {jtag_cable_name =~ "RealDigital Boo 8874042402C7A" && level==0 && jtag_device_ctx=="jsn1-0362f093-0"}
fpga -file C:/Users/adamj/Desktop/Vitis/Lab6/workspace/text_controller/_ide/bitstream/hdmi_text_controller_top.bit
targets -set -nocase -filter {name =~ "*microblaze*#0" && bscan=="USER2" }
loadhw -hw C:/Users/adamj/Desktop/Vitis/Lab6/workspace/hdmi_text_controller_wrapper/export/hdmi_text_controller_wrapper/hw/hdmi_text_controller_top.xsa -regs
configparams mdm-detect-bscan-mask 2
targets -set -nocase -filter {name =~ "*microblaze*#0" && bscan=="USER2" }
rst -system
after 3000
targets -set -nocase -filter {name =~ "*microblaze*#0" && bscan=="USER2" }
dow C:/Users/adamj/Desktop/Vitis/Lab6/workspace/text_controller/Debug/text_controller.elf
----------------End of Script----------------

04:06:01 INFO  : Context for processor 'microblaze_0' is selected.
04:06:01 INFO  : 'con' command is executed.
04:06:01 INFO  : ----------------XSDB Script (After Launch)----------------
targets -set -nocase -filter {name =~ "*microblaze*#0" && bscan=="USER2" }
con
----------------End of Script----------------

04:06:01 INFO  : Launch script is exported to file 'C:\Users\adamj\Desktop\Vitis\Lab6\workspace\text_controller_system\_ide\scripts\systemdebugger_text_controller_system_standalone.tcl'
04:32:16 INFO  : Hardware specification for platform project 'hdmi_text_controller_wrapper' is updated.
04:32:51 INFO  : Result from executing command 'getProjects': hdmi_text_controller_wrapper
04:32:51 INFO  : Result from executing command 'getPlatforms': xilinx_vck190_base_202220_1|C:/Xilinx/Vitis/2022.2/base_platforms/xilinx_vck190_base_202220_1/xilinx_vck190_base_202220_1.xpfm;xilinx_vck190_base_dfx_202220_1|C:/Xilinx/Vitis/2022.2/base_platforms/xilinx_vck190_base_dfx_202220_1/xilinx_vck190_base_dfx_202220_1.xpfm;xilinx_vmk180_base_202220_1|C:/Xilinx/Vitis/2022.2/base_platforms/xilinx_vmk180_base_202220_1/xilinx_vmk180_base_202220_1.xpfm;xilinx_zcu102_base_202220_1|C:/Xilinx/Vitis/2022.2/base_platforms/xilinx_zcu102_base_202220_1/xilinx_zcu102_base_202220_1.xpfm;xilinx_zcu102_base_dfx_202220_1|C:/Xilinx/Vitis/2022.2/base_platforms/xilinx_zcu102_base_dfx_202220_1/xilinx_zcu102_base_dfx_202220_1.xpfm;xilinx_zcu104_base_202220_1|C:/Xilinx/Vitis/2022.2/base_platforms/xilinx_zcu104_base_202220_1/xilinx_zcu104_base_202220_1.xpfm
04:32:58 INFO  : Result from executing command 'removePlatformRepo': 
04:33:17 INFO  : Result from executing command 'getProjects': hdmi_text_controller_wrapper
04:33:17 INFO  : Result from executing command 'getPlatforms': xilinx_vck190_base_202220_1|C:/Xilinx/Vitis/2022.2/base_platforms/xilinx_vck190_base_202220_1/xilinx_vck190_base_202220_1.xpfm;xilinx_vck190_base_dfx_202220_1|C:/Xilinx/Vitis/2022.2/base_platforms/xilinx_vck190_base_dfx_202220_1/xilinx_vck190_base_dfx_202220_1.xpfm;xilinx_vmk180_base_202220_1|C:/Xilinx/Vitis/2022.2/base_platforms/xilinx_vmk180_base_202220_1/xilinx_vmk180_base_202220_1.xpfm;xilinx_zcu102_base_202220_1|C:/Xilinx/Vitis/2022.2/base_platforms/xilinx_zcu102_base_202220_1/xilinx_zcu102_base_202220_1.xpfm;xilinx_zcu102_base_dfx_202220_1|C:/Xilinx/Vitis/2022.2/base_platforms/xilinx_zcu102_base_dfx_202220_1/xilinx_zcu102_base_dfx_202220_1.xpfm;xilinx_zcu104_base_202220_1|C:/Xilinx/Vitis/2022.2/base_platforms/xilinx_zcu104_base_202220_1/xilinx_zcu104_base_202220_1.xpfm
04:33:19 INFO  : Checking for BSP changes to sync application flags for project 'text_controller'...
04:33:23 INFO  : The hardware specification used by project 'text_controller' is out of sync with the platform. Resource files extracted from the hardware specification will be updated.
04:33:23 INFO  : The file 'C:\Users\adamj\Desktop\Vitis\Lab6\workspace\text_controller\_ide\bitstream\hdmi_text_controller_top.bit' stored in project is removed.
04:33:23 INFO  : The file 'C:\Users\adamj\Desktop\Vitis\Lab6\workspace\text_controller\_ide\bitstream\hdmi_text_controller_top.mmi' stored in project is removed.
04:33:23 INFO  : The updated bitstream files are copied from platform to folder 'C:\Users\adamj\Desktop\Vitis\Lab6\workspace\text_controller\_ide\bitstream' in project 'text_controller'.
04:33:27 INFO  : Disconnected from the channel tcfchan#93.
04:33:27 INFO  : Connected to target on host '127.0.0.1' and port '3121'.
04:33:27 INFO  : Jtag cable 'RealDigital Boo 8874042402C7A' is selected.
04:33:27 INFO  : 'jtag frequency' command is executed.
04:33:27 INFO  : 'targets -set -filter {jtag_cable_name =~ "RealDigital Boo 8874042402C7A" && level==0 && jtag_device_ctx=="jsn1-0362f093-0"}' command is executed.
04:33:29 INFO  : Device configured successfully with "C:/Users/adamj/Desktop/Vitis/Lab6/workspace/text_controller/_ide/bitstream/hdmi_text_controller_top.bit"
04:33:29 INFO  : Context for processor 'microblaze_0' is selected.
04:33:29 INFO  : Hardware design and registers information is loaded from 'C:/Users/adamj/Desktop/Vitis/Lab6/workspace/hdmi_text_controller_wrapper/export/hdmi_text_controller_wrapper/hw/hdmi_text_controller_top.xsa'.
04:33:29 INFO  : 'configparams mdm-detect-bscan-mask 2' command is executed.
04:33:29 INFO  : Context for processor 'microblaze_0' is selected.
04:33:29 INFO  : System reset is completed.
04:33:32 INFO  : 'after 3000' command is executed.
04:33:32 INFO  : Context for processor 'microblaze_0' is selected.
04:33:32 INFO  : The application 'C:/Users/adamj/Desktop/Vitis/Lab6/workspace/text_controller/Debug/text_controller.elf' is downloaded to processor 'microblaze_0'.
04:33:32 INFO  : ----------------XSDB Script----------------
connect -url tcp:127.0.0.1:3121
targets -set -filter {jtag_cable_name =~ "RealDigital Boo 8874042402C7A" && level==0 && jtag_device_ctx=="jsn1-0362f093-0"}
fpga -file C:/Users/adamj/Desktop/Vitis/Lab6/workspace/text_controller/_ide/bitstream/hdmi_text_controller_top.bit
targets -set -nocase -filter {name =~ "*microblaze*#0" && bscan=="USER2" }
loadhw -hw C:/Users/adamj/Desktop/Vitis/Lab6/workspace/hdmi_text_controller_wrapper/export/hdmi_text_controller_wrapper/hw/hdmi_text_controller_top.xsa -regs
configparams mdm-detect-bscan-mask 2
targets -set -nocase -filter {name =~ "*microblaze*#0" && bscan=="USER2" }
rst -system
after 3000
targets -set -nocase -filter {name =~ "*microblaze*#0" && bscan=="USER2" }
dow C:/Users/adamj/Desktop/Vitis/Lab6/workspace/text_controller/Debug/text_controller.elf
----------------End of Script----------------

04:33:32 INFO  : Context for processor 'microblaze_0' is selected.
04:33:32 INFO  : 'con' command is executed.
04:33:32 INFO  : ----------------XSDB Script (After Launch)----------------
targets -set -nocase -filter {name =~ "*microblaze*#0" && bscan=="USER2" }
con
----------------End of Script----------------

04:33:32 INFO  : Launch script is exported to file 'C:\Users\adamj\Desktop\Vitis\Lab6\workspace\text_controller_system\_ide\scripts\systemdebugger_text_controller_system_standalone.tcl'
04:34:29 INFO  : Disconnected from the channel tcfchan#97.
04:34:29 INFO  : Connected to target on host '127.0.0.1' and port '3121'.
04:34:30 INFO  : Jtag cable 'RealDigital Boo 8874042402C7A' is selected.
04:34:30 INFO  : 'jtag frequency' command is executed.
04:34:30 INFO  : 'targets -set -filter {jtag_cable_name =~ "RealDigital Boo 8874042402C7A" && level==0 && jtag_device_ctx=="jsn1-0362f093-0"}' command is executed.
04:34:31 INFO  : Device configured successfully with "C:/Users/adamj/Desktop/Vitis/Lab6/workspace/text_controller/_ide/bitstream/hdmi_text_controller_top.bit"
04:34:31 INFO  : Context for processor 'microblaze_0' is selected.
04:34:31 INFO  : Hardware design and registers information is loaded from 'C:/Users/adamj/Desktop/Vitis/Lab6/workspace/hdmi_text_controller_wrapper/export/hdmi_text_controller_wrapper/hw/hdmi_text_controller_top.xsa'.
04:34:31 INFO  : 'configparams mdm-detect-bscan-mask 2' command is executed.
04:34:31 INFO  : Context for processor 'microblaze_0' is selected.
04:34:31 INFO  : System reset is completed.
04:34:34 INFO  : 'after 3000' command is executed.
04:34:34 INFO  : Context for processor 'microblaze_0' is selected.
04:34:35 INFO  : The application 'C:/Users/adamj/Desktop/Vitis/Lab6/workspace/text_controller/Debug/text_controller.elf' is downloaded to processor 'microblaze_0'.
04:34:35 INFO  : ----------------XSDB Script----------------
connect -url tcp:127.0.0.1:3121
targets -set -filter {jtag_cable_name =~ "RealDigital Boo 8874042402C7A" && level==0 && jtag_device_ctx=="jsn1-0362f093-0"}
fpga -file C:/Users/adamj/Desktop/Vitis/Lab6/workspace/text_controller/_ide/bitstream/hdmi_text_controller_top.bit
targets -set -nocase -filter {name =~ "*microblaze*#0" && bscan=="USER2" }
loadhw -hw C:/Users/adamj/Desktop/Vitis/Lab6/workspace/hdmi_text_controller_wrapper/export/hdmi_text_controller_wrapper/hw/hdmi_text_controller_top.xsa -regs
configparams mdm-detect-bscan-mask 2
targets -set -nocase -filter {name =~ "*microblaze*#0" && bscan=="USER2" }
rst -system
after 3000
targets -set -nocase -filter {name =~ "*microblaze*#0" && bscan=="USER2" }
dow C:/Users/adamj/Desktop/Vitis/Lab6/workspace/text_controller/Debug/text_controller.elf
----------------End of Script----------------

04:34:35 INFO  : Context for processor 'microblaze_0' is selected.
04:34:35 INFO  : 'con' command is executed.
04:34:35 INFO  : ----------------XSDB Script (After Launch)----------------
targets -set -nocase -filter {name =~ "*microblaze*#0" && bscan=="USER2" }
con
----------------End of Script----------------

04:34:35 INFO  : Launch script is exported to file 'C:\Users\adamj\Desktop\Vitis\Lab6\workspace\text_controller_system\_ide\scripts\systemdebugger_text_controller_system_standalone.tcl'
04:35:53 INFO  : Disconnected from the channel tcfchan#98.
04:35:54 INFO  : Connected to target on host '127.0.0.1' and port '3121'.
04:35:54 INFO  : Jtag cable 'RealDigital Boo 8874042402C7A' is selected.
04:35:54 INFO  : 'jtag frequency' command is executed.
04:35:54 INFO  : 'targets -set -filter {jtag_cable_name =~ "RealDigital Boo 8874042402C7A" && level==0 && jtag_device_ctx=="jsn1-0362f093-0"}' command is executed.
04:35:55 INFO  : Device configured successfully with "C:/Users/adamj/Desktop/Vitis/Lab6/workspace/text_controller/_ide/bitstream/hdmi_text_controller_top.bit"
04:35:55 INFO  : Context for processor 'microblaze_0' is selected.
04:35:55 INFO  : Hardware design and registers information is loaded from 'C:/Users/adamj/Desktop/Vitis/Lab6/workspace/hdmi_text_controller_wrapper/export/hdmi_text_controller_wrapper/hw/hdmi_text_controller_top.xsa'.
04:35:55 INFO  : 'configparams mdm-detect-bscan-mask 2' command is executed.
04:35:55 INFO  : Context for processor 'microblaze_0' is selected.
04:35:55 INFO  : System reset is completed.
04:35:58 INFO  : 'after 3000' command is executed.
04:35:59 INFO  : Context for processor 'microblaze_0' is selected.
04:35:59 INFO  : The application 'C:/Users/adamj/Desktop/Vitis/Lab6/workspace/text_controller/Debug/text_controller.elf' is downloaded to processor 'microblaze_0'.
04:35:59 INFO  : ----------------XSDB Script----------------
connect -url tcp:127.0.0.1:3121
targets -set -filter {jtag_cable_name =~ "RealDigital Boo 8874042402C7A" && level==0 && jtag_device_ctx=="jsn1-0362f093-0"}
fpga -file C:/Users/adamj/Desktop/Vitis/Lab6/workspace/text_controller/_ide/bitstream/hdmi_text_controller_top.bit
targets -set -nocase -filter {name =~ "*microblaze*#0" && bscan=="USER2" }
loadhw -hw C:/Users/adamj/Desktop/Vitis/Lab6/workspace/hdmi_text_controller_wrapper/export/hdmi_text_controller_wrapper/hw/hdmi_text_controller_top.xsa -regs
configparams mdm-detect-bscan-mask 2
targets -set -nocase -filter {name =~ "*microblaze*#0" && bscan=="USER2" }
rst -system
after 3000
targets -set -nocase -filter {name =~ "*microblaze*#0" && bscan=="USER2" }
dow C:/Users/adamj/Desktop/Vitis/Lab6/workspace/text_controller/Debug/text_controller.elf
----------------End of Script----------------

04:35:59 INFO  : Context for processor 'microblaze_0' is selected.
04:35:59 INFO  : 'con' command is executed.
04:35:59 INFO  : ----------------XSDB Script (After Launch)----------------
targets -set -nocase -filter {name =~ "*microblaze*#0" && bscan=="USER2" }
con
----------------End of Script----------------

04:35:59 INFO  : Launch script is exported to file 'C:\Users\adamj\Desktop\Vitis\Lab6\workspace\text_controller_system\_ide\scripts\systemdebugger_text_controller_system_standalone.tcl'
04:52:31 INFO  : Hardware specification for platform project 'hdmi_text_controller_wrapper' is updated.
04:52:44 INFO  : Result from executing command 'removePlatformRepo': 
04:53:40 INFO  : Result from executing command 'getProjects': hdmi_text_controller_wrapper
04:53:40 INFO  : Result from executing command 'getPlatforms': xilinx_vck190_base_202220_1|C:/Xilinx/Vitis/2022.2/base_platforms/xilinx_vck190_base_202220_1/xilinx_vck190_base_202220_1.xpfm;xilinx_vck190_base_dfx_202220_1|C:/Xilinx/Vitis/2022.2/base_platforms/xilinx_vck190_base_dfx_202220_1/xilinx_vck190_base_dfx_202220_1.xpfm;xilinx_vmk180_base_202220_1|C:/Xilinx/Vitis/2022.2/base_platforms/xilinx_vmk180_base_202220_1/xilinx_vmk180_base_202220_1.xpfm;xilinx_zcu102_base_202220_1|C:/Xilinx/Vitis/2022.2/base_platforms/xilinx_zcu102_base_202220_1/xilinx_zcu102_base_202220_1.xpfm;xilinx_zcu102_base_dfx_202220_1|C:/Xilinx/Vitis/2022.2/base_platforms/xilinx_zcu102_base_dfx_202220_1/xilinx_zcu102_base_dfx_202220_1.xpfm;xilinx_zcu104_base_202220_1|C:/Xilinx/Vitis/2022.2/base_platforms/xilinx_zcu104_base_202220_1/xilinx_zcu104_base_202220_1.xpfm
04:53:42 INFO  : Checking for BSP changes to sync application flags for project 'text_controller'...
04:53:46 INFO  : The hardware specification used by project 'text_controller' is out of sync with the platform. Resource files extracted from the hardware specification will be updated.
04:53:46 INFO  : The file 'C:\Users\adamj\Desktop\Vitis\Lab6\workspace\text_controller\_ide\bitstream\hdmi_text_controller_top.bit' stored in project is removed.
04:53:46 INFO  : The file 'C:\Users\adamj\Desktop\Vitis\Lab6\workspace\text_controller\_ide\bitstream\hdmi_text_controller_top.mmi' stored in project is removed.
04:53:46 INFO  : The updated bitstream files are copied from platform to folder 'C:\Users\adamj\Desktop\Vitis\Lab6\workspace\text_controller\_ide\bitstream' in project 'text_controller'.
04:53:49 INFO  : Disconnected from the channel tcfchan#99.
04:53:49 INFO  : Connected to target on host '127.0.0.1' and port '3121'.
04:53:49 INFO  : Jtag cable 'RealDigital Boo 8874042402C7A' is selected.
04:53:49 INFO  : 'jtag frequency' command is executed.
04:53:50 INFO  : 'targets -set -filter {jtag_cable_name =~ "RealDigital Boo 8874042402C7A" && level==0 && jtag_device_ctx=="jsn1-0362f093-0"}' command is executed.
04:53:51 INFO  : Device configured successfully with "C:/Users/adamj/Desktop/Vitis/Lab6/workspace/text_controller/_ide/bitstream/hdmi_text_controller_top.bit"
04:53:51 INFO  : Context for processor 'microblaze_0' is selected.
04:53:51 INFO  : Hardware design and registers information is loaded from 'C:/Users/adamj/Desktop/Vitis/Lab6/workspace/hdmi_text_controller_wrapper/export/hdmi_text_controller_wrapper/hw/hdmi_text_controller_top.xsa'.
04:53:51 INFO  : 'configparams mdm-detect-bscan-mask 2' command is executed.
04:53:51 INFO  : Context for processor 'microblaze_0' is selected.
04:53:51 INFO  : System reset is completed.
04:53:54 INFO  : 'after 3000' command is executed.
04:53:54 INFO  : Context for processor 'microblaze_0' is selected.
04:53:55 INFO  : The application 'C:/Users/adamj/Desktop/Vitis/Lab6/workspace/text_controller/Debug/text_controller.elf' is downloaded to processor 'microblaze_0'.
04:53:55 INFO  : ----------------XSDB Script----------------
connect -url tcp:127.0.0.1:3121
targets -set -filter {jtag_cable_name =~ "RealDigital Boo 8874042402C7A" && level==0 && jtag_device_ctx=="jsn1-0362f093-0"}
fpga -file C:/Users/adamj/Desktop/Vitis/Lab6/workspace/text_controller/_ide/bitstream/hdmi_text_controller_top.bit
targets -set -nocase -filter {name =~ "*microblaze*#0" && bscan=="USER2" }
loadhw -hw C:/Users/adamj/Desktop/Vitis/Lab6/workspace/hdmi_text_controller_wrapper/export/hdmi_text_controller_wrapper/hw/hdmi_text_controller_top.xsa -regs
configparams mdm-detect-bscan-mask 2
targets -set -nocase -filter {name =~ "*microblaze*#0" && bscan=="USER2" }
rst -system
after 3000
targets -set -nocase -filter {name =~ "*microblaze*#0" && bscan=="USER2" }
dow C:/Users/adamj/Desktop/Vitis/Lab6/workspace/text_controller/Debug/text_controller.elf
----------------End of Script----------------

04:53:55 INFO  : Context for processor 'microblaze_0' is selected.
04:53:55 INFO  : 'con' command is executed.
04:53:55 INFO  : ----------------XSDB Script (After Launch)----------------
targets -set -nocase -filter {name =~ "*microblaze*#0" && bscan=="USER2" }
con
----------------End of Script----------------

04:53:55 INFO  : Launch script is exported to file 'C:\Users\adamj\Desktop\Vitis\Lab6\workspace\text_controller_system\_ide\scripts\systemdebugger_text_controller_system_standalone.tcl'
08:34:14 INFO  : Disconnected from the channel tcfchan#102.
08:34:14 INFO  : Connected to target on host '127.0.0.1' and port '3121'.
08:34:15 INFO  : Jtag cable 'RealDigital Boo 8874042402C7A' is selected.
08:34:15 INFO  : 'jtag frequency' command is executed.
08:34:15 INFO  : 'targets -set -filter {jtag_cable_name =~ "RealDigital Boo 8874042402C7A" && level==0 && jtag_device_ctx=="jsn1-0362f093-0"}' command is executed.
08:34:16 INFO  : Device configured successfully with "C:/Users/adamj/Desktop/Vitis/Lab6/workspace/text_controller/_ide/bitstream/hdmi_text_controller_top.bit"
08:34:16 INFO  : Context for processor 'microblaze_0' is selected.
08:34:16 INFO  : Hardware design and registers information is loaded from 'C:/Users/adamj/Desktop/Vitis/Lab6/workspace/hdmi_text_controller_wrapper/export/hdmi_text_controller_wrapper/hw/hdmi_text_controller_top.xsa'.
08:34:16 INFO  : 'configparams mdm-detect-bscan-mask 2' command is executed.
08:34:16 INFO  : Context for processor 'microblaze_0' is selected.
08:34:16 INFO  : System reset is completed.
08:34:19 INFO  : 'after 3000' command is executed.
08:34:20 INFO  : Context for processor 'microblaze_0' is selected.
08:34:20 INFO  : The application 'C:/Users/adamj/Desktop/Vitis/Lab6/workspace/text_controller/Debug/text_controller.elf' is downloaded to processor 'microblaze_0'.
08:34:20 INFO  : ----------------XSDB Script----------------
connect -url tcp:127.0.0.1:3121
targets -set -filter {jtag_cable_name =~ "RealDigital Boo 8874042402C7A" && level==0 && jtag_device_ctx=="jsn1-0362f093-0"}
fpga -file C:/Users/adamj/Desktop/Vitis/Lab6/workspace/text_controller/_ide/bitstream/hdmi_text_controller_top.bit
targets -set -nocase -filter {name =~ "*microblaze*#0" && bscan=="USER2" }
loadhw -hw C:/Users/adamj/Desktop/Vitis/Lab6/workspace/hdmi_text_controller_wrapper/export/hdmi_text_controller_wrapper/hw/hdmi_text_controller_top.xsa -regs
configparams mdm-detect-bscan-mask 2
targets -set -nocase -filter {name =~ "*microblaze*#0" && bscan=="USER2" }
rst -system
after 3000
targets -set -nocase -filter {name =~ "*microblaze*#0" && bscan=="USER2" }
dow C:/Users/adamj/Desktop/Vitis/Lab6/workspace/text_controller/Debug/text_controller.elf
----------------End of Script----------------

08:34:20 INFO  : Context for processor 'microblaze_0' is selected.
08:34:20 INFO  : 'con' command is executed.
08:34:20 INFO  : ----------------XSDB Script (After Launch)----------------
targets -set -nocase -filter {name =~ "*microblaze*#0" && bscan=="USER2" }
con
----------------End of Script----------------

08:34:20 INFO  : Launch script is exported to file 'C:\Users\adamj\Desktop\Vitis\Lab6\workspace\text_controller_system\_ide\scripts\systemdebugger_text_controller_system_standalone.tcl'
08:35:11 INFO  : Disconnected from the channel tcfchan#103.
08:35:11 INFO  : Connected to target on host '127.0.0.1' and port '3121'.
08:35:11 INFO  : Jtag cable 'RealDigital Boo 8874042402C7A' is selected.
08:35:11 INFO  : 'jtag frequency' command is executed.
08:35:11 INFO  : 'targets -set -filter {jtag_cable_name =~ "RealDigital Boo 8874042402C7A" && level==0 && jtag_device_ctx=="jsn1-0362f093-0"}' command is executed.
08:35:12 INFO  : Device configured successfully with "C:/Users/adamj/Desktop/Vitis/Lab6/workspace/text_controller/_ide/bitstream/hdmi_text_controller_top.bit"
08:35:13 INFO  : Context for processor 'microblaze_0' is selected.
08:35:13 INFO  : Hardware design and registers information is loaded from 'C:/Users/adamj/Desktop/Vitis/Lab6/workspace/hdmi_text_controller_wrapper/export/hdmi_text_controller_wrapper/hw/hdmi_text_controller_top.xsa'.
08:35:13 INFO  : 'configparams mdm-detect-bscan-mask 2' command is executed.
08:35:13 INFO  : Context for processor 'microblaze_0' is selected.
08:35:13 INFO  : System reset is completed.
08:35:16 INFO  : 'after 3000' command is executed.
08:35:16 INFO  : Context for processor 'microblaze_0' is selected.
08:35:16 INFO  : The application 'C:/Users/adamj/Desktop/Vitis/Lab6/workspace/text_controller/Debug/text_controller.elf' is downloaded to processor 'microblaze_0'.
08:35:16 INFO  : ----------------XSDB Script----------------
connect -url tcp:127.0.0.1:3121
targets -set -filter {jtag_cable_name =~ "RealDigital Boo 8874042402C7A" && level==0 && jtag_device_ctx=="jsn1-0362f093-0"}
fpga -file C:/Users/adamj/Desktop/Vitis/Lab6/workspace/text_controller/_ide/bitstream/hdmi_text_controller_top.bit
targets -set -nocase -filter {name =~ "*microblaze*#0" && bscan=="USER2" }
loadhw -hw C:/Users/adamj/Desktop/Vitis/Lab6/workspace/hdmi_text_controller_wrapper/export/hdmi_text_controller_wrapper/hw/hdmi_text_controller_top.xsa -regs
configparams mdm-detect-bscan-mask 2
targets -set -nocase -filter {name =~ "*microblaze*#0" && bscan=="USER2" }
rst -system
after 3000
targets -set -nocase -filter {name =~ "*microblaze*#0" && bscan=="USER2" }
dow C:/Users/adamj/Desktop/Vitis/Lab6/workspace/text_controller/Debug/text_controller.elf
----------------End of Script----------------

08:35:16 INFO  : Context for processor 'microblaze_0' is selected.
08:35:16 INFO  : 'con' command is executed.
08:35:16 INFO  : ----------------XSDB Script (After Launch)----------------
targets -set -nocase -filter {name =~ "*microblaze*#0" && bscan=="USER2" }
con
----------------End of Script----------------

08:35:16 INFO  : Launch script is exported to file 'C:\Users\adamj\Desktop\Vitis\Lab6\workspace\text_controller_system\_ide\scripts\systemdebugger_text_controller_system_standalone.tcl'
08:54:36 INFO  : Disconnected from the channel tcfchan#104.
08:54:36 INFO  : Connected to target on host '127.0.0.1' and port '3121'.
08:54:36 INFO  : Jtag cable 'RealDigital Boo 8874042402C7A' is selected.
08:54:36 INFO  : 'jtag frequency' command is executed.
08:54:36 INFO  : 'targets -set -filter {jtag_cable_name =~ "RealDigital Boo 8874042402C7A" && level==0 && jtag_device_ctx=="jsn1-0362f093-0"}' command is executed.
08:54:37 INFO  : Device configured successfully with "C:/Users/adamj/Desktop/Vitis/Lab6/workspace/text_controller/_ide/bitstream/hdmi_text_controller_top.bit"
08:54:38 INFO  : Context for processor 'microblaze_0' is selected.
08:54:38 INFO  : Hardware design and registers information is loaded from 'C:/Users/adamj/Desktop/Vitis/Lab6/workspace/hdmi_text_controller_wrapper/export/hdmi_text_controller_wrapper/hw/hdmi_text_controller_top.xsa'.
08:54:38 INFO  : 'configparams mdm-detect-bscan-mask 2' command is executed.
08:54:38 INFO  : Context for processor 'microblaze_0' is selected.
08:54:38 INFO  : System reset is completed.
08:54:41 INFO  : 'after 3000' command is executed.
08:54:41 INFO  : Context for processor 'microblaze_0' is selected.
08:54:41 INFO  : The application 'C:/Users/adamj/Desktop/Vitis/Lab6/workspace/text_controller/Debug/text_controller.elf' is downloaded to processor 'microblaze_0'.
08:54:41 INFO  : ----------------XSDB Script----------------
connect -url tcp:127.0.0.1:3121
targets -set -filter {jtag_cable_name =~ "RealDigital Boo 8874042402C7A" && level==0 && jtag_device_ctx=="jsn1-0362f093-0"}
fpga -file C:/Users/adamj/Desktop/Vitis/Lab6/workspace/text_controller/_ide/bitstream/hdmi_text_controller_top.bit
targets -set -nocase -filter {name =~ "*microblaze*#0" && bscan=="USER2" }
loadhw -hw C:/Users/adamj/Desktop/Vitis/Lab6/workspace/hdmi_text_controller_wrapper/export/hdmi_text_controller_wrapper/hw/hdmi_text_controller_top.xsa -regs
configparams mdm-detect-bscan-mask 2
targets -set -nocase -filter {name =~ "*microblaze*#0" && bscan=="USER2" }
rst -system
after 3000
targets -set -nocase -filter {name =~ "*microblaze*#0" && bscan=="USER2" }
dow C:/Users/adamj/Desktop/Vitis/Lab6/workspace/text_controller/Debug/text_controller.elf
----------------End of Script----------------

08:54:41 INFO  : Context for processor 'microblaze_0' is selected.
08:54:41 INFO  : 'con' command is executed.
08:54:41 INFO  : ----------------XSDB Script (After Launch)----------------
targets -set -nocase -filter {name =~ "*microblaze*#0" && bscan=="USER2" }
con
----------------End of Script----------------

08:54:41 INFO  : Launch script is exported to file 'C:\Users\adamj\Desktop\Vitis\Lab6\workspace\text_controller_system\_ide\scripts\systemdebugger_text_controller_system_standalone.tcl'
10:36:07 INFO  : Hardware specification for platform project 'hdmi_text_controller_wrapper' is updated.
10:36:21 INFO  : Result from executing command 'removePlatformRepo': 
10:36:56 INFO  : Result from executing command 'getProjects': hdmi_text_controller_wrapper
10:36:56 INFO  : Result from executing command 'getPlatforms': xilinx_vck190_base_202220_1|C:/Xilinx/Vitis/2022.2/base_platforms/xilinx_vck190_base_202220_1/xilinx_vck190_base_202220_1.xpfm;xilinx_vck190_base_dfx_202220_1|C:/Xilinx/Vitis/2022.2/base_platforms/xilinx_vck190_base_dfx_202220_1/xilinx_vck190_base_dfx_202220_1.xpfm;xilinx_vmk180_base_202220_1|C:/Xilinx/Vitis/2022.2/base_platforms/xilinx_vmk180_base_202220_1/xilinx_vmk180_base_202220_1.xpfm;xilinx_zcu102_base_202220_1|C:/Xilinx/Vitis/2022.2/base_platforms/xilinx_zcu102_base_202220_1/xilinx_zcu102_base_202220_1.xpfm;xilinx_zcu102_base_dfx_202220_1|C:/Xilinx/Vitis/2022.2/base_platforms/xilinx_zcu102_base_dfx_202220_1/xilinx_zcu102_base_dfx_202220_1.xpfm;xilinx_zcu104_base_202220_1|C:/Xilinx/Vitis/2022.2/base_platforms/xilinx_zcu104_base_202220_1/xilinx_zcu104_base_202220_1.xpfm
10:36:58 INFO  : Checking for BSP changes to sync application flags for project 'text_controller'...
10:36:58 ERROR : Failed to openhw "C:/Users/adamj/Desktop/Vitis/Lab6/workspace/hdmi_text_controller_wrapper/export/hdmi_text_controller_wrapper/hw/hdmi_text_controller_top (1).xsa"
Reason: wrong # args: should be "openhw <hw-proj | xsa-file>"
10:36:58 ERROR : Failed to update application flags from BSP for 'text_controller'. Reason: null
java.lang.NullPointerException: null
	at com.xilinx.sdx.sw.internal.SDxSwPlatform.<init>(SDxSwPlatform.java:305) ~[com.xilinx.sdx.sw_1.0.0.202210132147.jar:?]
	at com.xilinx.sdx.sw.internal.SDxSwPlatform.create(SDxSwPlatform.java:214) ~[com.xilinx.sdx.sw_1.0.0.202210132147.jar:?]
	at com.xilinx.sdx.sdk.core.util.SdkPlatformHelper.getSwPlatform(SdkPlatformHelper.java:64) ~[com.xilinx.sdx.sdk.core_1.0.0.202210132147.jar:?]
	at com.xilinx.sdx.sdk.core.build.SdkMakefileGenerationListener.getSwPlatform(SdkMakefileGenerationListener.java:160) ~[com.xilinx.sdx.sdk.core_1.0.0.202210132147.jar:?]
	at com.xilinx.sdx.sdk.core.build.SdkMakefileGenerationListener.syncAppFlags(SdkMakefileGenerationListener.java:78) [com.xilinx.sdx.sdk.core_1.0.0.202210132147.jar:?]
	at com.xilinx.sdx.sdk.core.build.SdkMakefileGenerationListener.preMakefileGeneration(SdkMakefileGenerationListener.java:48) [com.xilinx.sdx.sdk.core_1.0.0.202210132147.jar:?]
	at com.xilinx.sdk.managedbuilder.XilinxGnuMakefileGenerator.notifyPreMakefileGenerationListeners(XilinxGnuMakefileGenerator.java:91) [com.xilinx.sdk.managedbuilder_1.0.0.202210132147.jar:?]
	at com.xilinx.sdk.managedbuilder.XilinxGnuMakefileGenerator.regenerateMakefiles(XilinxGnuMakefileGenerator.java:75) [com.xilinx.sdk.managedbuilder_1.0.0.202210132147.jar:?]
	at org.eclipse.cdt.managedbuilder.internal.core.CommonBuilder.performMakefileGeneration(CommonBuilder.java:1006) [org.eclipse.cdt.managedbuilder.core_8.6.0.201802261533.jar:?]
	at org.eclipse.cdt.managedbuilder.internal.core.CommonBuilder.performPrebuildGeneration(CommonBuilder.java:873) [org.eclipse.cdt.managedbuilder.core_8.6.0.201802261533.jar:?]
	at org.eclipse.cdt.managedbuilder.internal.core.CommonBuilder.build(CommonBuilder.java:748) [org.eclipse.cdt.managedbuilder.core_8.6.0.201802261533.jar:?]
	at org.eclipse.cdt.managedbuilder.internal.core.CommonBuilder.build(CommonBuilder.java:513) [org.eclipse.cdt.managedbuilder.core_8.6.0.201802261533.jar:?]
	at org.eclipse.cdt.managedbuilder.internal.core.CommonBuilder.build(CommonBuilder.java:459) [org.eclipse.cdt.managedbuilder.core_8.6.0.201802261533.jar:?]
	at org.eclipse.core.internal.events.BuildManager$2.run(BuildManager.java:832) [org.eclipse.core.resources_3.13.700.v20200209-1624.jar:?]
	at org.eclipse.core.runtime.SafeRunner.run(SafeRunner.java:45) [org.eclipse.equinox.common_3.11.0.v20200206-0817.jar:?]
	at org.eclipse.core.internal.events.BuildManager.basicBuild(BuildManager.java:220) [org.eclipse.core.resources_3.13.700.v20200209-1624.jar:?]
	at org.eclipse.core.internal.events.BuildManager.basicBuild(BuildManager.java:263) [org.eclipse.core.resources_3.13.700.v20200209-1624.jar:?]
	at org.eclipse.core.internal.events.BuildManager$1.run(BuildManager.java:316) [org.eclipse.core.resources_3.13.700.v20200209-1624.jar:?]
	at org.eclipse.core.runtime.SafeRunner.run(SafeRunner.java:45) [org.eclipse.equinox.common_3.11.0.v20200206-0817.jar:?]
	at org.eclipse.core.internal.events.BuildManager.basicBuild(BuildManager.java:319) [org.eclipse.core.resources_3.13.700.v20200209-1624.jar:?]
	at org.eclipse.core.internal.events.BuildManager.basicBuildLoop(BuildManager.java:371) [org.eclipse.core.resources_3.13.700.v20200209-1624.jar:?]
	at org.eclipse.core.internal.events.BuildManager.build(BuildManager.java:392) [org.eclipse.core.resources_3.13.700.v20200209-1624.jar:?]
	at org.eclipse.core.internal.resources.Workspace.buildInternal(Workspace.java:515) [org.eclipse.core.resources_3.13.700.v20200209-1624.jar:?]
	at org.eclipse.core.internal.resources.Workspace.build(Workspace.java:405) [org.eclipse.core.resources_3.13.700.v20200209-1624.jar:?]
	at org.eclipse.ui.actions.GlobalBuildAction$1.run(GlobalBuildAction.java:180) [org.eclipse.ui.ide_3.17.0.v20200217-1511.jar:?]
	at org.eclipse.core.internal.jobs.Worker.run(Worker.java:63) [org.eclipse.core.jobs_3.10.700.v20200106-1020.jar:?]
10:37:03 INFO  : The hardware specification used by project 'text_controller' is out of sync with the platform. Resource files extracted from the hardware specification will be updated.
10:37:03 ERROR : Failed to openhw "C:/Users/adamj/Desktop/Vitis/Lab6/workspace/hdmi_text_controller_wrapper/export/hdmi_text_controller_wrapper/hw/hdmi_text_controller_top (1).xsa"
Reason: wrong # args: should be "openhw <hw-proj | xsa-file>"
10:37:07 ERROR : XSCT server calls should not be made from TCF thread.
java.lang.RuntimeException: XSCT server calls should not be made from TCF thread.
	at com.xilinx.sdk.xsdb.XSDBCommandManager.issueAndWait(XSDBCommandManager.java:392) [com.xilinx.sdk.xsdb_1.0.0.202210132147.jar:?]
	at com.xilinx.sdk.xsdb.XsdbCommandUtils.executeAndRespond(XsdbCommandUtils.java:325) [com.xilinx.sdk.xsdb_1.0.0.202210132147.jar:?]
	at com.xilinx.sdk.hw.internal.HwPlatform.openHw(HwPlatform.java:371) [com.xilinx.sdk.hw_1.0.0.202210132147.jar:?]
	at com.xilinx.sdk.hw.internal.HwPlatform.<init>(HwPlatform.java:358) [com.xilinx.sdk.hw_1.0.0.202210132147.jar:?]
	at com.xilinx.sdk.hw.internal.HwSpecFactory.createHwSpec(HwSpecFactory.java:56) [com.xilinx.sdk.hw_1.0.0.202210132147.jar:?]
	at com.xilinx.sdx.sdsoc.debug.ui.SdsLaunchConfigUtil.createHwPlatform(SdsLaunchConfigUtil.java:57) [com.xilinx.sdx.sdsoc.debug.ui_1.0.0.202210132147.jar:?]
	at com.xilinx.sdx.sdsoc.debug.ui.SdsLaunchConfigModel.iniHwPlatform(SdsLaunchConfigModel.java:187) [com.xilinx.sdx.sdsoc.debug.ui_1.0.0.202210132147.jar:?]
	at com.xilinx.sdk.tcf.internal.debug.ui.common.BaseLaunchConfigModel.getHwPlatform(BaseLaunchConfigModel.java:577) [com.xilinx.sdk.tcf.debug_1.0.0.202210132147.jar:?]
	at com.xilinx.sdk.tcf.internal.debug.ui.common.BaseLaunchConfigModel.readCrossTriggerModel(BaseLaunchConfigModel.java:173) [com.xilinx.sdk.tcf.debug_1.0.0.202210132147.jar:?]
	at com.xilinx.sdk.tcf.internal.debug.ui.common.BaseLaunchConfigModel.readAndSetAttributes(BaseLaunchConfigModel.java:156) [com.xilinx.sdk.tcf.debug_1.0.0.202210132147.jar:?]
	at com.xilinx.sdx.sdsoc.debug.ui.SdsLaunchConfigModel.newInstance(SdsLaunchConfigModel.java:109) [com.xilinx.sdx.sdsoc.debug.ui_1.0.0.202210132147.jar:?]
	at com.xilinx.sdx.sdsoc.debug.launch.SdsTcfLaunchDelegate.createConfigModel(SdsTcfLaunchDelegate.java:85) [com.xilinx.sdx.sdsoc.debug_1.0.0.202210132147.jar:?]
	at com.xilinx.sdx.sdsoc.debug.launch.SdsTcfLaunchDelegate.generateReports(SdsTcfLaunchDelegate.java:641) [com.xilinx.sdx.sdsoc.debug_1.0.0.202210132147.jar:?]
	at com.xilinx.sdx.sdsoc.debug.launch.SdsTcfLaunchDelegate.onDisconnected(SdsTcfLaunchDelegate.java:615) [com.xilinx.sdx.sdsoc.debug_1.0.0.202210132147.jar:?]
	at org.eclipse.tcf.internal.debug.ui.model.TCFModelManager$1.onDisconnected(TCFModelManager.java:79) [org.eclipse.tcf.debug.ui_1.7.0.202210132147.jar:?]
	at org.eclipse.tcf.internal.debug.model.TCFLaunch.onDisconnected(TCFLaunch.java:532) [org.eclipse.tcf.debug_1.7.0.202210132147.jar:?]
	at org.eclipse.tcf.internal.debug.model.TCFLaunch$43.onChannelClosed(TCFLaunch.java:1643) [org.eclipse.tcf.debug_1.7.0.202210132147.jar:?]
	at org.eclipse.tcf.core.AbstractChannel$9.run(AbstractChannel.java:858) [org.eclipse.tcf.core_1.7.0.202210132147.jar:?]
	at org.eclipse.tcf.EventQueue.run(EventQueue.java:98) [org.eclipse.tcf_1.7.0.202210132147.jar:?]
	at java.lang.Thread.run(Thread.java:829) [?:?]
10:37:07 INFO  : Disconnected from the channel tcfchan#105.
10:37:07 ERROR : Failed to openhw "C:/Users/adamj/Desktop/Vitis/Lab6/workspace/hdmi_text_controller_wrapper/export/hdmi_text_controller_wrapper/hw/hdmi_text_controller_top (1).xsa"
Reason: wrong # args: should be "openhw <hw-proj | xsa-file>"
10:37:07 ERROR : Failed to openhw "C:/Users/adamj/Desktop/Vitis/Lab6/workspace/hdmi_text_controller_wrapper/export/hdmi_text_controller_wrapper/hw/hdmi_text_controller_top (1).xsa"
Reason: wrong # args: should be "openhw <hw-proj | xsa-file>"
10:37:07 ERROR : Failed to openhw "C:/Users/adamj/Desktop/Vitis/Lab6/workspace/hdmi_text_controller_wrapper/export/hdmi_text_controller_wrapper/hw/hdmi_text_controller_top (1).xsa"
Reason: wrong # args: should be "openhw <hw-proj | xsa-file>"
10:37:07 ERROR : Invalid hardware specification '${sdxTcfLaunchFile:project=text_controller;fileType=hw;}' in launch configuration 'SystemDebugger_text_controller_system_Standalone'.
10:37:43 INFO  : Hardware specification for platform project 'hdmi_text_controller_wrapper' is updated.
10:37:54 INFO  : Result from executing command 'removePlatformRepo': 
10:38:25 INFO  : Result from executing command 'getProjects': hdmi_text_controller_wrapper
10:38:25 INFO  : Result from executing command 'getPlatforms': xilinx_vck190_base_202220_1|C:/Xilinx/Vitis/2022.2/base_platforms/xilinx_vck190_base_202220_1/xilinx_vck190_base_202220_1.xpfm;xilinx_vck190_base_dfx_202220_1|C:/Xilinx/Vitis/2022.2/base_platforms/xilinx_vck190_base_dfx_202220_1/xilinx_vck190_base_dfx_202220_1.xpfm;xilinx_vmk180_base_202220_1|C:/Xilinx/Vitis/2022.2/base_platforms/xilinx_vmk180_base_202220_1/xilinx_vmk180_base_202220_1.xpfm;xilinx_zcu102_base_202220_1|C:/Xilinx/Vitis/2022.2/base_platforms/xilinx_zcu102_base_202220_1/xilinx_zcu102_base_202220_1.xpfm;xilinx_zcu102_base_dfx_202220_1|C:/Xilinx/Vitis/2022.2/base_platforms/xilinx_zcu102_base_dfx_202220_1/xilinx_zcu102_base_dfx_202220_1.xpfm;xilinx_zcu104_base_202220_1|C:/Xilinx/Vitis/2022.2/base_platforms/xilinx_zcu104_base_202220_1/xilinx_zcu104_base_202220_1.xpfm
10:38:27 INFO  : Checking for BSP changes to sync application flags for project 'text_controller'...
10:38:27 ERROR : Failed to openhw "C:/Users/adamj/Desktop/Vitis/Lab6/workspace/hdmi_text_controller_wrapper/export/hdmi_text_controller_wrapper/hw/hdmi_text_controller_top (1).xsa"
Reason: wrong # args: should be "openhw <hw-proj | xsa-file>"
10:38:27 ERROR : Failed to update application flags from BSP for 'text_controller'. Reason: null
java.lang.NullPointerException: null
	at com.xilinx.sdx.sw.internal.SDxSwPlatform.<init>(SDxSwPlatform.java:305) ~[com.xilinx.sdx.sw_1.0.0.202210132147.jar:?]
	at com.xilinx.sdx.sw.internal.SDxSwPlatform.create(SDxSwPlatform.java:214) ~[com.xilinx.sdx.sw_1.0.0.202210132147.jar:?]
	at com.xilinx.sdx.sdk.core.util.SdkPlatformHelper.getSwPlatform(SdkPlatformHelper.java:64) ~[com.xilinx.sdx.sdk.core_1.0.0.202210132147.jar:?]
	at com.xilinx.sdx.sdk.core.build.SdkMakefileGenerationListener.getSwPlatform(SdkMakefileGenerationListener.java:160) ~[com.xilinx.sdx.sdk.core_1.0.0.202210132147.jar:?]
	at com.xilinx.sdx.sdk.core.build.SdkMakefileGenerationListener.syncAppFlags(SdkMakefileGenerationListener.java:78) [com.xilinx.sdx.sdk.core_1.0.0.202210132147.jar:?]
	at com.xilinx.sdx.sdk.core.build.SdkMakefileGenerationListener.preMakefileGeneration(SdkMakefileGenerationListener.java:48) [com.xilinx.sdx.sdk.core_1.0.0.202210132147.jar:?]
	at com.xilinx.sdk.managedbuilder.XilinxGnuMakefileGenerator.notifyPreMakefileGenerationListeners(XilinxGnuMakefileGenerator.java:91) [com.xilinx.sdk.managedbuilder_1.0.0.202210132147.jar:?]
	at com.xilinx.sdk.managedbuilder.XilinxGnuMakefileGenerator.regenerateMakefiles(XilinxGnuMakefileGenerator.java:75) [com.xilinx.sdk.managedbuilder_1.0.0.202210132147.jar:?]
	at org.eclipse.cdt.managedbuilder.internal.core.CommonBuilder.performMakefileGeneration(CommonBuilder.java:1006) [org.eclipse.cdt.managedbuilder.core_8.6.0.201802261533.jar:?]
	at org.eclipse.cdt.managedbuilder.internal.core.CommonBuilder.performPrebuildGeneration(CommonBuilder.java:873) [org.eclipse.cdt.managedbuilder.core_8.6.0.201802261533.jar:?]
	at org.eclipse.cdt.managedbuilder.internal.core.CommonBuilder.build(CommonBuilder.java:748) [org.eclipse.cdt.managedbuilder.core_8.6.0.201802261533.jar:?]
	at org.eclipse.cdt.managedbuilder.internal.core.CommonBuilder.build(CommonBuilder.java:513) [org.eclipse.cdt.managedbuilder.core_8.6.0.201802261533.jar:?]
	at org.eclipse.cdt.managedbuilder.internal.core.CommonBuilder.build(CommonBuilder.java:459) [org.eclipse.cdt.managedbuilder.core_8.6.0.201802261533.jar:?]
	at org.eclipse.core.internal.events.BuildManager$2.run(BuildManager.java:832) [org.eclipse.core.resources_3.13.700.v20200209-1624.jar:?]
	at org.eclipse.core.runtime.SafeRunner.run(SafeRunner.java:45) [org.eclipse.equinox.common_3.11.0.v20200206-0817.jar:?]
	at org.eclipse.core.internal.events.BuildManager.basicBuild(BuildManager.java:220) [org.eclipse.core.resources_3.13.700.v20200209-1624.jar:?]
	at org.eclipse.core.internal.events.BuildManager.basicBuild(BuildManager.java:263) [org.eclipse.core.resources_3.13.700.v20200209-1624.jar:?]
	at org.eclipse.core.internal.events.BuildManager$1.run(BuildManager.java:316) [org.eclipse.core.resources_3.13.700.v20200209-1624.jar:?]
	at org.eclipse.core.runtime.SafeRunner.run(SafeRunner.java:45) [org.eclipse.equinox.common_3.11.0.v20200206-0817.jar:?]
	at org.eclipse.core.internal.events.BuildManager.basicBuild(BuildManager.java:319) [org.eclipse.core.resources_3.13.700.v20200209-1624.jar:?]
	at org.eclipse.core.internal.events.BuildManager.basicBuildLoop(BuildManager.java:371) [org.eclipse.core.resources_3.13.700.v20200209-1624.jar:?]
	at org.eclipse.core.internal.events.BuildManager.build(BuildManager.java:392) [org.eclipse.core.resources_3.13.700.v20200209-1624.jar:?]
	at org.eclipse.core.internal.resources.Workspace.buildInternal(Workspace.java:515) [org.eclipse.core.resources_3.13.700.v20200209-1624.jar:?]
	at org.eclipse.core.internal.resources.Workspace.build(Workspace.java:405) [org.eclipse.core.resources_3.13.700.v20200209-1624.jar:?]
	at org.eclipse.ui.actions.GlobalBuildAction$1.run(GlobalBuildAction.java:180) [org.eclipse.ui.ide_3.17.0.v20200217-1511.jar:?]
	at org.eclipse.core.internal.jobs.Worker.run(Worker.java:63) [org.eclipse.core.jobs_3.10.700.v20200106-1020.jar:?]
10:38:30 INFO  : The hardware specification used by project 'text_controller' is out of sync with the platform. Resource files extracted from the hardware specification will be updated.
10:38:30 ERROR : Failed to openhw "C:/Users/adamj/Desktop/Vitis/Lab6/workspace/hdmi_text_controller_wrapper/export/hdmi_text_controller_wrapper/hw/hdmi_text_controller_top (1).xsa"
Reason: wrong # args: should be "openhw <hw-proj | xsa-file>"
10:38:35 ERROR : Failed to openhw "C:/Users/adamj/Desktop/Vitis/Lab6/workspace/hdmi_text_controller_wrapper/export/hdmi_text_controller_wrapper/hw/hdmi_text_controller_top (1).xsa"
Reason: wrong # args: should be "openhw <hw-proj | xsa-file>"
10:38:35 ERROR : Failed to openhw "C:/Users/adamj/Desktop/Vitis/Lab6/workspace/hdmi_text_controller_wrapper/export/hdmi_text_controller_wrapper/hw/hdmi_text_controller_top (1).xsa"
Reason: wrong # args: should be "openhw <hw-proj | xsa-file>"
10:38:35 ERROR : Failed to openhw "C:/Users/adamj/Desktop/Vitis/Lab6/workspace/hdmi_text_controller_wrapper/export/hdmi_text_controller_wrapper/hw/hdmi_text_controller_top (1).xsa"
Reason: wrong # args: should be "openhw <hw-proj | xsa-file>"
10:38:35 ERROR : Invalid hardware specification '${sdxTcfLaunchFile:project=text_controller;fileType=hw;}' in launch configuration 'SystemDebugger_text_controller_system_Standalone'.
10:39:24 ERROR : Failed to openhw "C:/Users/adamj/Desktop/Vitis/Lab6/workspace/hdmi_text_controller_wrapper/export/hdmi_text_controller_wrapper/hw/hdmi_text_controller_top (1).xsa"
Reason: wrong # args: should be "openhw <hw-proj | xsa-file>"
10:39:24 ERROR : Failed to openhw "C:/Users/adamj/Desktop/Vitis/Lab6/workspace/hdmi_text_controller_wrapper/export/hdmi_text_controller_wrapper/hw/hdmi_text_controller_top (1).xsa"
Reason: wrong # args: should be "openhw <hw-proj | xsa-file>"
10:39:24 ERROR : Failed to openhw "C:/Users/adamj/Desktop/Vitis/Lab6/workspace/hdmi_text_controller_wrapper/export/hdmi_text_controller_wrapper/hw/hdmi_text_controller_top (1).xsa"
Reason: wrong # args: should be "openhw <hw-proj | xsa-file>"
10:39:24 ERROR : Invalid hardware specification '${sdxTcfLaunchFile:project=text_controller;fileType=hw;}' in launch configuration 'SystemDebugger_text_controller_system_Standalone'.
10:58:02 ERROR : Failed to openhw "C:/Users/adamj/Desktop/Vitis/Lab6/workspace/hdmi_text_controller_wrapper/export/hdmi_text_controller_wrapper/hw/hdmi_text_controller_top (1).xsa"
Reason: wrong # args: should be "openhw <hw-proj | xsa-file>"
10:58:02 ERROR : Failed to openhw "C:/Users/adamj/Desktop/Vitis/Lab6/workspace/hdmi_text_controller_wrapper/export/hdmi_text_controller_wrapper/hw/hdmi_text_controller_top (1).xsa"
Reason: wrong # args: should be "openhw <hw-proj | xsa-file>"
10:58:02 ERROR : Failed to openhw "C:/Users/adamj/Desktop/Vitis/Lab6/workspace/hdmi_text_controller_wrapper/export/hdmi_text_controller_wrapper/hw/hdmi_text_controller_top (1).xsa"
Reason: wrong # args: should be "openhw <hw-proj | xsa-file>"
10:58:02 ERROR : Invalid hardware specification '${sdxTcfLaunchFile:project=text_controller;fileType=hw;}' in launch configuration 'SystemDebugger_text_controller_system_Standalone'.
10:58:23 INFO  : Hardware specification for platform project 'hdmi_text_controller_wrapper' is updated.
10:59:32 INFO  : Hardware specification for platform project 'hdmi_text_controller_wrapper' is updated.
10:59:47 INFO  : Result from executing command 'removePlatformRepo': 
11:00:13 INFO  : Result from executing command 'getProjects': hdmi_text_controller_wrapper
11:00:13 INFO  : Result from executing command 'getPlatforms': xilinx_vck190_base_202220_1|C:/Xilinx/Vitis/2022.2/base_platforms/xilinx_vck190_base_202220_1/xilinx_vck190_base_202220_1.xpfm;xilinx_vck190_base_dfx_202220_1|C:/Xilinx/Vitis/2022.2/base_platforms/xilinx_vck190_base_dfx_202220_1/xilinx_vck190_base_dfx_202220_1.xpfm;xilinx_vmk180_base_202220_1|C:/Xilinx/Vitis/2022.2/base_platforms/xilinx_vmk180_base_202220_1/xilinx_vmk180_base_202220_1.xpfm;xilinx_zcu102_base_202220_1|C:/Xilinx/Vitis/2022.2/base_platforms/xilinx_zcu102_base_202220_1/xilinx_zcu102_base_202220_1.xpfm;xilinx_zcu102_base_dfx_202220_1|C:/Xilinx/Vitis/2022.2/base_platforms/xilinx_zcu102_base_dfx_202220_1/xilinx_zcu102_base_dfx_202220_1.xpfm;xilinx_zcu104_base_202220_1|C:/Xilinx/Vitis/2022.2/base_platforms/xilinx_zcu104_base_202220_1/xilinx_zcu104_base_202220_1.xpfm
11:00:15 INFO  : Checking for BSP changes to sync application flags for project 'text_controller'...
11:00:26 INFO  : Connected to target on host '127.0.0.1' and port '3121'.
11:00:27 INFO  : Jtag cable 'RealDigital Boo 8874042402C7A' is selected.
11:00:27 INFO  : 'jtag frequency' command is executed.
11:00:27 INFO  : 'targets -set -filter {jtag_cable_name =~ "RealDigital Boo 8874042402C7A" && level==0 && jtag_device_ctx=="jsn1-0362f093-0"}' command is executed.
11:00:28 INFO  : Device configured successfully with "C:/Users/adamj/Desktop/Vitis/Lab6/workspace/text_controller/_ide/bitstream/hdmi_text_controller_top.bit"
11:00:28 INFO  : Context for processor 'microblaze_0' is selected.
11:00:28 INFO  : Hardware design and registers information is loaded from 'C:/Users/adamj/Desktop/Vitis/Lab6/workspace/hdmi_text_controller_wrapper/export/hdmi_text_controller_wrapper/hw/hdmi_text_controller_top.xsa'.
11:00:28 INFO  : 'configparams mdm-detect-bscan-mask 2' command is executed.
11:00:28 INFO  : Context for processor 'microblaze_0' is selected.
11:00:28 INFO  : System reset is completed.
11:00:31 INFO  : 'after 3000' command is executed.
11:00:32 INFO  : Context for processor 'microblaze_0' is selected.
11:00:32 INFO  : The application 'C:/Users/adamj/Desktop/Vitis/Lab6/workspace/text_controller/Debug/text_controller.elf' is downloaded to processor 'microblaze_0'.
11:00:32 INFO  : ----------------XSDB Script----------------
connect -url tcp:127.0.0.1:3121
targets -set -filter {jtag_cable_name =~ "RealDigital Boo 8874042402C7A" && level==0 && jtag_device_ctx=="jsn1-0362f093-0"}
fpga -file C:/Users/adamj/Desktop/Vitis/Lab6/workspace/text_controller/_ide/bitstream/hdmi_text_controller_top.bit
targets -set -nocase -filter {name =~ "*microblaze*#0" && bscan=="USER2" }
loadhw -hw C:/Users/adamj/Desktop/Vitis/Lab6/workspace/hdmi_text_controller_wrapper/export/hdmi_text_controller_wrapper/hw/hdmi_text_controller_top.xsa -regs
configparams mdm-detect-bscan-mask 2
targets -set -nocase -filter {name =~ "*microblaze*#0" && bscan=="USER2" }
rst -system
after 3000
targets -set -nocase -filter {name =~ "*microblaze*#0" && bscan=="USER2" }
dow C:/Users/adamj/Desktop/Vitis/Lab6/workspace/text_controller/Debug/text_controller.elf
----------------End of Script----------------

11:00:32 INFO  : Context for processor 'microblaze_0' is selected.
11:00:32 INFO  : 'con' command is executed.
11:00:32 INFO  : ----------------XSDB Script (After Launch)----------------
targets -set -nocase -filter {name =~ "*microblaze*#0" && bscan=="USER2" }
con
----------------End of Script----------------

11:00:32 INFO  : Launch script is exported to file 'C:\Users\adamj\Desktop\Vitis\Lab6\workspace\text_controller_system\_ide\scripts\systemdebugger_text_controller_system_standalone.tcl'
11:01:35 INFO  : Hardware specification for platform project 'hdmi_text_controller_wrapper' is updated.
11:01:49 INFO  : Result from executing command 'removePlatformRepo': 
11:02:13 INFO  : Result from executing command 'getProjects': hdmi_text_controller_wrapper
11:02:14 INFO  : Result from executing command 'getPlatforms': xilinx_vck190_base_202220_1|C:/Xilinx/Vitis/2022.2/base_platforms/xilinx_vck190_base_202220_1/xilinx_vck190_base_202220_1.xpfm;xilinx_vck190_base_dfx_202220_1|C:/Xilinx/Vitis/2022.2/base_platforms/xilinx_vck190_base_dfx_202220_1/xilinx_vck190_base_dfx_202220_1.xpfm;xilinx_vmk180_base_202220_1|C:/Xilinx/Vitis/2022.2/base_platforms/xilinx_vmk180_base_202220_1/xilinx_vmk180_base_202220_1.xpfm;xilinx_zcu102_base_202220_1|C:/Xilinx/Vitis/2022.2/base_platforms/xilinx_zcu102_base_202220_1/xilinx_zcu102_base_202220_1.xpfm;xilinx_zcu102_base_dfx_202220_1|C:/Xilinx/Vitis/2022.2/base_platforms/xilinx_zcu102_base_dfx_202220_1/xilinx_zcu102_base_dfx_202220_1.xpfm;xilinx_zcu104_base_202220_1|C:/Xilinx/Vitis/2022.2/base_platforms/xilinx_zcu104_base_202220_1/xilinx_zcu104_base_202220_1.xpfm
11:02:15 INFO  : Checking for BSP changes to sync application flags for project 'text_controller'...
11:02:20 INFO  : Disconnected from the channel tcfchan#112.
11:02:20 INFO  : Connected to target on host '127.0.0.1' and port '3121'.
11:02:21 INFO  : Jtag cable 'RealDigital Boo 8874042402C7A' is selected.
11:02:21 INFO  : 'jtag frequency' command is executed.
11:02:21 INFO  : 'targets -set -filter {jtag_cable_name =~ "RealDigital Boo 8874042402C7A" && level==0 && jtag_device_ctx=="jsn1-0362f093-0"}' command is executed.
11:02:22 INFO  : Device configured successfully with "C:/Users/adamj/Desktop/Vitis/Lab6/workspace/text_controller/_ide/bitstream/hdmi_text_controller_top.bit"
11:02:22 INFO  : Context for processor 'microblaze_0' is selected.
11:02:22 INFO  : Hardware design and registers information is loaded from 'C:/Users/adamj/Desktop/Vitis/Lab6/workspace/hdmi_text_controller_wrapper/export/hdmi_text_controller_wrapper/hw/hdmi_text_controller_top.xsa'.
11:02:22 INFO  : 'configparams mdm-detect-bscan-mask 2' command is executed.
11:02:22 INFO  : Context for processor 'microblaze_0' is selected.
11:02:22 INFO  : System reset is completed.
11:02:25 INFO  : 'after 3000' command is executed.
11:02:25 INFO  : Context for processor 'microblaze_0' is selected.
11:02:26 INFO  : The application 'C:/Users/adamj/Desktop/Vitis/Lab6/workspace/text_controller/Debug/text_controller.elf' is downloaded to processor 'microblaze_0'.
11:02:26 INFO  : ----------------XSDB Script----------------
connect -url tcp:127.0.0.1:3121
targets -set -filter {jtag_cable_name =~ "RealDigital Boo 8874042402C7A" && level==0 && jtag_device_ctx=="jsn1-0362f093-0"}
fpga -file C:/Users/adamj/Desktop/Vitis/Lab6/workspace/text_controller/_ide/bitstream/hdmi_text_controller_top.bit
targets -set -nocase -filter {name =~ "*microblaze*#0" && bscan=="USER2" }
loadhw -hw C:/Users/adamj/Desktop/Vitis/Lab6/workspace/hdmi_text_controller_wrapper/export/hdmi_text_controller_wrapper/hw/hdmi_text_controller_top.xsa -regs
configparams mdm-detect-bscan-mask 2
targets -set -nocase -filter {name =~ "*microblaze*#0" && bscan=="USER2" }
rst -system
after 3000
targets -set -nocase -filter {name =~ "*microblaze*#0" && bscan=="USER2" }
dow C:/Users/adamj/Desktop/Vitis/Lab6/workspace/text_controller/Debug/text_controller.elf
----------------End of Script----------------

11:02:26 INFO  : Context for processor 'microblaze_0' is selected.
11:02:26 INFO  : 'con' command is executed.
11:02:26 INFO  : ----------------XSDB Script (After Launch)----------------
targets -set -nocase -filter {name =~ "*microblaze*#0" && bscan=="USER2" }
con
----------------End of Script----------------

11:02:26 INFO  : Launch script is exported to file 'C:\Users\adamj\Desktop\Vitis\Lab6\workspace\text_controller_system\_ide\scripts\systemdebugger_text_controller_system_standalone.tcl'
11:03:36 INFO  : Disconnected from the channel tcfchan#115.
11:03:36 INFO  : Connected to target on host '127.0.0.1' and port '3121'.
11:03:36 INFO  : Jtag cable 'RealDigital Boo 8874042402C7A' is selected.
11:03:36 INFO  : 'jtag frequency' command is executed.
11:03:36 INFO  : 'targets -set -filter {jtag_cable_name =~ "RealDigital Boo 8874042402C7A" && level==0 && jtag_device_ctx=="jsn1-0362f093-0"}' command is executed.
11:03:37 INFO  : Device configured successfully with "C:/Users/adamj/Desktop/Vitis/Lab6/workspace/text_controller/_ide/bitstream/hdmi_text_controller_top.bit"
11:03:37 INFO  : Context for processor 'microblaze_0' is selected.
11:03:37 INFO  : Hardware design and registers information is loaded from 'C:/Users/adamj/Desktop/Vitis/Lab6/workspace/hdmi_text_controller_wrapper/export/hdmi_text_controller_wrapper/hw/hdmi_text_controller_top.xsa'.
11:03:37 INFO  : 'configparams mdm-detect-bscan-mask 2' command is executed.
11:03:37 INFO  : Context for processor 'microblaze_0' is selected.
11:03:37 INFO  : System reset is completed.
11:03:40 INFO  : 'after 3000' command is executed.
11:03:41 INFO  : Context for processor 'microblaze_0' is selected.
11:03:41 INFO  : The application 'C:/Users/adamj/Desktop/Vitis/Lab6/workspace/text_controller/Debug/text_controller.elf' is downloaded to processor 'microblaze_0'.
11:03:41 INFO  : ----------------XSDB Script----------------
connect -url tcp:127.0.0.1:3121
targets -set -filter {jtag_cable_name =~ "RealDigital Boo 8874042402C7A" && level==0 && jtag_device_ctx=="jsn1-0362f093-0"}
fpga -file C:/Users/adamj/Desktop/Vitis/Lab6/workspace/text_controller/_ide/bitstream/hdmi_text_controller_top.bit
targets -set -nocase -filter {name =~ "*microblaze*#0" && bscan=="USER2" }
loadhw -hw C:/Users/adamj/Desktop/Vitis/Lab6/workspace/hdmi_text_controller_wrapper/export/hdmi_text_controller_wrapper/hw/hdmi_text_controller_top.xsa -regs
configparams mdm-detect-bscan-mask 2
targets -set -nocase -filter {name =~ "*microblaze*#0" && bscan=="USER2" }
rst -system
after 3000
targets -set -nocase -filter {name =~ "*microblaze*#0" && bscan=="USER2" }
dow C:/Users/adamj/Desktop/Vitis/Lab6/workspace/text_controller/Debug/text_controller.elf
----------------End of Script----------------

11:03:41 INFO  : Context for processor 'microblaze_0' is selected.
11:03:41 INFO  : 'con' command is executed.
11:03:41 INFO  : ----------------XSDB Script (After Launch)----------------
targets -set -nocase -filter {name =~ "*microblaze*#0" && bscan=="USER2" }
con
----------------End of Script----------------

11:03:41 INFO  : Launch script is exported to file 'C:\Users\adamj\Desktop\Vitis\Lab6\workspace\text_controller_system\_ide\scripts\systemdebugger_text_controller_system_standalone.tcl'
11:03:49 INFO  : Disconnected from the channel tcfchan#116.
11:03:49 INFO  : Connected to target on host '127.0.0.1' and port '3121'.
11:03:50 INFO  : Jtag cable 'RealDigital Boo 8874042402C7A' is selected.
11:03:50 INFO  : 'jtag frequency' command is executed.
11:03:50 INFO  : 'targets -set -filter {jtag_cable_name =~ "RealDigital Boo 8874042402C7A" && level==0 && jtag_device_ctx=="jsn1-0362f093-0"}' command is executed.
11:03:51 INFO  : Device configured successfully with "C:/Users/adamj/Desktop/Vitis/Lab6/workspace/text_controller/_ide/bitstream/hdmi_text_controller_top.bit"
11:03:51 INFO  : Context for processor 'microblaze_0' is selected.
11:03:51 INFO  : Hardware design and registers information is loaded from 'C:/Users/adamj/Desktop/Vitis/Lab6/workspace/hdmi_text_controller_wrapper/export/hdmi_text_controller_wrapper/hw/hdmi_text_controller_top.xsa'.
11:03:51 INFO  : 'configparams mdm-detect-bscan-mask 2' command is executed.
11:03:51 INFO  : Context for processor 'microblaze_0' is selected.
11:03:51 INFO  : System reset is completed.
11:03:54 INFO  : 'after 3000' command is executed.
11:03:55 INFO  : Context for processor 'microblaze_0' is selected.
11:03:55 INFO  : The application 'C:/Users/adamj/Desktop/Vitis/Lab6/workspace/text_controller/Debug/text_controller.elf' is downloaded to processor 'microblaze_0'.
11:03:55 INFO  : ----------------XSDB Script----------------
connect -url tcp:127.0.0.1:3121
targets -set -filter {jtag_cable_name =~ "RealDigital Boo 8874042402C7A" && level==0 && jtag_device_ctx=="jsn1-0362f093-0"}
fpga -file C:/Users/adamj/Desktop/Vitis/Lab6/workspace/text_controller/_ide/bitstream/hdmi_text_controller_top.bit
targets -set -nocase -filter {name =~ "*microblaze*#0" && bscan=="USER2" }
loadhw -hw C:/Users/adamj/Desktop/Vitis/Lab6/workspace/hdmi_text_controller_wrapper/export/hdmi_text_controller_wrapper/hw/hdmi_text_controller_top.xsa -regs
configparams mdm-detect-bscan-mask 2
targets -set -nocase -filter {name =~ "*microblaze*#0" && bscan=="USER2" }
rst -system
after 3000
targets -set -nocase -filter {name =~ "*microblaze*#0" && bscan=="USER2" }
dow C:/Users/adamj/Desktop/Vitis/Lab6/workspace/text_controller/Debug/text_controller.elf
----------------End of Script----------------

11:03:55 INFO  : Context for processor 'microblaze_0' is selected.
11:03:55 INFO  : 'con' command is executed.
11:03:55 INFO  : ----------------XSDB Script (After Launch)----------------
targets -set -nocase -filter {name =~ "*microblaze*#0" && bscan=="USER2" }
con
----------------End of Script----------------

11:03:55 INFO  : Launch script is exported to file 'C:\Users\adamj\Desktop\Vitis\Lab6\workspace\text_controller_system\_ide\scripts\systemdebugger_text_controller_system_standalone.tcl'
11:05:48 INFO  : Disconnected from the channel tcfchan#117.
11:05:48 INFO  : Connected to target on host '127.0.0.1' and port '3121'.
11:05:48 INFO  : Jtag cable 'RealDigital Boo 8874042402C7A' is selected.
11:05:48 INFO  : 'jtag frequency' command is executed.
11:05:48 INFO  : 'targets -set -filter {jtag_cable_name =~ "RealDigital Boo 8874042402C7A" && level==0 && jtag_device_ctx=="jsn1-0362f093-0"}' command is executed.
11:05:50 INFO  : Device configured successfully with "C:/Users/adamj/Desktop/Vitis/Lab6/workspace/text_controller/_ide/bitstream/hdmi_text_controller_top.bit"
11:05:50 INFO  : Context for processor 'microblaze_0' is selected.
11:05:50 INFO  : Hardware design and registers information is loaded from 'C:/Users/adamj/Desktop/Vitis/Lab6/workspace/hdmi_text_controller_wrapper/export/hdmi_text_controller_wrapper/hw/hdmi_text_controller_top.xsa'.
11:05:50 INFO  : 'configparams mdm-detect-bscan-mask 2' command is executed.
11:05:50 INFO  : Context for processor 'microblaze_0' is selected.
11:05:50 INFO  : System reset is completed.
11:05:53 INFO  : 'after 3000' command is executed.
11:05:53 INFO  : Context for processor 'microblaze_0' is selected.
11:05:53 INFO  : The application 'C:/Users/adamj/Desktop/Vitis/Lab6/workspace/text_controller/Debug/text_controller.elf' is downloaded to processor 'microblaze_0'.
11:05:53 INFO  : ----------------XSDB Script----------------
connect -url tcp:127.0.0.1:3121
targets -set -filter {jtag_cable_name =~ "RealDigital Boo 8874042402C7A" && level==0 && jtag_device_ctx=="jsn1-0362f093-0"}
fpga -file C:/Users/adamj/Desktop/Vitis/Lab6/workspace/text_controller/_ide/bitstream/hdmi_text_controller_top.bit
targets -set -nocase -filter {name =~ "*microblaze*#0" && bscan=="USER2" }
loadhw -hw C:/Users/adamj/Desktop/Vitis/Lab6/workspace/hdmi_text_controller_wrapper/export/hdmi_text_controller_wrapper/hw/hdmi_text_controller_top.xsa -regs
configparams mdm-detect-bscan-mask 2
targets -set -nocase -filter {name =~ "*microblaze*#0" && bscan=="USER2" }
rst -system
after 3000
targets -set -nocase -filter {name =~ "*microblaze*#0" && bscan=="USER2" }
dow C:/Users/adamj/Desktop/Vitis/Lab6/workspace/text_controller/Debug/text_controller.elf
----------------End of Script----------------

11:05:54 INFO  : Context for processor 'microblaze_0' is selected.
11:05:54 INFO  : 'con' command is executed.
11:05:54 INFO  : ----------------XSDB Script (After Launch)----------------
targets -set -nocase -filter {name =~ "*microblaze*#0" && bscan=="USER2" }
con
----------------End of Script----------------

11:05:54 INFO  : Launch script is exported to file 'C:\Users\adamj\Desktop\Vitis\Lab6\workspace\text_controller_system\_ide\scripts\systemdebugger_text_controller_system_standalone.tcl'
11:06:45 INFO  : Result from executing command 'removePlatformRepo': 
11:08:38 INFO  : Hardware specification for platform project 'hdmi_text_controller_wrapper' is updated.
11:08:51 ERROR : Error from executing command 'removePlatformRepo': ERROR: No valid directory exists at given path.
11:09:16 INFO  : Result from executing command 'getProjects': hdmi_text_controller_wrapper
11:09:16 INFO  : Result from executing command 'getPlatforms': xilinx_vck190_base_202220_1|C:/Xilinx/Vitis/2022.2/base_platforms/xilinx_vck190_base_202220_1/xilinx_vck190_base_202220_1.xpfm;xilinx_vck190_base_dfx_202220_1|C:/Xilinx/Vitis/2022.2/base_platforms/xilinx_vck190_base_dfx_202220_1/xilinx_vck190_base_dfx_202220_1.xpfm;xilinx_vmk180_base_202220_1|C:/Xilinx/Vitis/2022.2/base_platforms/xilinx_vmk180_base_202220_1/xilinx_vmk180_base_202220_1.xpfm;xilinx_zcu102_base_202220_1|C:/Xilinx/Vitis/2022.2/base_platforms/xilinx_zcu102_base_202220_1/xilinx_zcu102_base_202220_1.xpfm;xilinx_zcu102_base_dfx_202220_1|C:/Xilinx/Vitis/2022.2/base_platforms/xilinx_zcu102_base_dfx_202220_1/xilinx_zcu102_base_dfx_202220_1.xpfm;xilinx_zcu104_base_202220_1|C:/Xilinx/Vitis/2022.2/base_platforms/xilinx_zcu104_base_202220_1/xilinx_zcu104_base_202220_1.xpfm
11:09:18 INFO  : Checking for BSP changes to sync application flags for project 'text_controller'...
11:09:21 INFO  : The hardware specification used by project 'text_controller' is out of sync with the platform. Resource files extracted from the hardware specification will be updated.
11:09:21 INFO  : The file 'C:\Users\adamj\Desktop\Vitis\Lab6\workspace\text_controller\_ide\bitstream\hdmi_text_controller_top.bit' stored in project is removed.
11:09:21 INFO  : The file 'C:\Users\adamj\Desktop\Vitis\Lab6\workspace\text_controller\_ide\bitstream\hdmi_text_controller_top.mmi' stored in project is removed.
11:09:21 INFO  : The updated bitstream files are copied from platform to folder 'C:\Users\adamj\Desktop\Vitis\Lab6\workspace\text_controller\_ide\bitstream' in project 'text_controller'.
11:09:24 INFO  : Disconnected from the channel tcfchan#118.
11:09:24 INFO  : Connected to target on host '127.0.0.1' and port '3121'.
11:09:25 INFO  : Jtag cable 'RealDigital Boo 8874042402C7A' is selected.
11:09:25 INFO  : 'jtag frequency' command is executed.
11:09:25 INFO  : 'targets -set -filter {jtag_cable_name =~ "RealDigital Boo 8874042402C7A" && level==0 && jtag_device_ctx=="jsn1-0362f093-0"}' command is executed.
11:09:26 INFO  : Device configured successfully with "C:/Users/adamj/Desktop/Vitis/Lab6/workspace/text_controller/_ide/bitstream/hdmi_text_controller_top.bit"
11:09:26 INFO  : Context for processor 'microblaze_0' is selected.
11:09:26 INFO  : Hardware design and registers information is loaded from 'C:/Users/adamj/Desktop/Vitis/Lab6/workspace/hdmi_text_controller_wrapper/export/hdmi_text_controller_wrapper/hw/test.xsa'.
11:09:26 INFO  : 'configparams mdm-detect-bscan-mask 2' command is executed.
11:09:26 INFO  : Context for processor 'microblaze_0' is selected.
11:09:26 INFO  : System reset is completed.
11:09:29 INFO  : 'after 3000' command is executed.
11:09:29 INFO  : Context for processor 'microblaze_0' is selected.
11:09:30 INFO  : The application 'C:/Users/adamj/Desktop/Vitis/Lab6/workspace/text_controller/Debug/text_controller.elf' is downloaded to processor 'microblaze_0'.
11:09:30 INFO  : ----------------XSDB Script----------------
connect -url tcp:127.0.0.1:3121
targets -set -filter {jtag_cable_name =~ "RealDigital Boo 8874042402C7A" && level==0 && jtag_device_ctx=="jsn1-0362f093-0"}
fpga -file C:/Users/adamj/Desktop/Vitis/Lab6/workspace/text_controller/_ide/bitstream/hdmi_text_controller_top.bit
targets -set -nocase -filter {name =~ "*microblaze*#0" && bscan=="USER2" }
loadhw -hw C:/Users/adamj/Desktop/Vitis/Lab6/workspace/hdmi_text_controller_wrapper/export/hdmi_text_controller_wrapper/hw/test.xsa -regs
configparams mdm-detect-bscan-mask 2
targets -set -nocase -filter {name =~ "*microblaze*#0" && bscan=="USER2" }
rst -system
after 3000
targets -set -nocase -filter {name =~ "*microblaze*#0" && bscan=="USER2" }
dow C:/Users/adamj/Desktop/Vitis/Lab6/workspace/text_controller/Debug/text_controller.elf
----------------End of Script----------------

11:09:30 INFO  : Context for processor 'microblaze_0' is selected.
11:09:30 INFO  : 'con' command is executed.
11:09:30 INFO  : ----------------XSDB Script (After Launch)----------------
targets -set -nocase -filter {name =~ "*microblaze*#0" && bscan=="USER2" }
con
----------------End of Script----------------

11:09:30 INFO  : Launch script is exported to file 'C:\Users\adamj\Desktop\Vitis\Lab6\workspace\text_controller_system\_ide\scripts\systemdebugger_text_controller_system_standalone.tcl'
11:11:38 INFO  : Hardware specification for platform project 'hdmi_text_controller_wrapper' is updated.
11:11:48 INFO  : Result from executing command 'removePlatformRepo': 
11:12:13 INFO  : Result from executing command 'getProjects': hdmi_text_controller_wrapper
11:12:13 INFO  : Result from executing command 'getPlatforms': xilinx_vck190_base_202220_1|C:/Xilinx/Vitis/2022.2/base_platforms/xilinx_vck190_base_202220_1/xilinx_vck190_base_202220_1.xpfm;xilinx_vck190_base_dfx_202220_1|C:/Xilinx/Vitis/2022.2/base_platforms/xilinx_vck190_base_dfx_202220_1/xilinx_vck190_base_dfx_202220_1.xpfm;xilinx_vmk180_base_202220_1|C:/Xilinx/Vitis/2022.2/base_platforms/xilinx_vmk180_base_202220_1/xilinx_vmk180_base_202220_1.xpfm;xilinx_zcu102_base_202220_1|C:/Xilinx/Vitis/2022.2/base_platforms/xilinx_zcu102_base_202220_1/xilinx_zcu102_base_202220_1.xpfm;xilinx_zcu102_base_dfx_202220_1|C:/Xilinx/Vitis/2022.2/base_platforms/xilinx_zcu102_base_dfx_202220_1/xilinx_zcu102_base_dfx_202220_1.xpfm;xilinx_zcu104_base_202220_1|C:/Xilinx/Vitis/2022.2/base_platforms/xilinx_zcu104_base_202220_1/xilinx_zcu104_base_202220_1.xpfm
11:12:15 INFO  : Checking for BSP changes to sync application flags for project 'text_controller'...
11:12:19 INFO  : The hardware specification used by project 'text_controller' is out of sync with the platform. Resource files extracted from the hardware specification will be updated.
11:12:19 INFO  : The file 'C:\Users\adamj\Desktop\Vitis\Lab6\workspace\text_controller\_ide\bitstream\hdmi_text_controller_top.bit' stored in project is removed.
11:12:19 INFO  : The file 'C:\Users\adamj\Desktop\Vitis\Lab6\workspace\text_controller\_ide\bitstream\hdmi_text_controller_top.mmi' stored in project is removed.
11:12:19 INFO  : The updated bitstream files are copied from platform to folder 'C:\Users\adamj\Desktop\Vitis\Lab6\workspace\text_controller\_ide\bitstream' in project 'text_controller'.
11:12:21 INFO  : Disconnected from the channel tcfchan#122.
11:12:21 INFO  : Connected to target on host '127.0.0.1' and port '3121'.
11:12:21 INFO  : Jtag cable 'RealDigital Boo 8874042402C7A' is selected.
11:12:21 INFO  : 'jtag frequency' command is executed.
11:12:21 INFO  : 'targets -set -filter {jtag_cable_name =~ "RealDigital Boo 8874042402C7A" && level==0 && jtag_device_ctx=="jsn1-0362f093-0"}' command is executed.
11:12:23 INFO  : Device configured successfully with "C:/Users/adamj/Desktop/Vitis/Lab6/workspace/text_controller/_ide/bitstream/hdmi_text_controller_top.bit"
11:12:23 INFO  : Context for processor 'microblaze_0' is selected.
11:12:23 INFO  : Hardware design and registers information is loaded from 'C:/Users/adamj/Desktop/Vitis/Lab6/workspace/hdmi_text_controller_wrapper/export/hdmi_text_controller_wrapper/hw/test2.xsa'.
11:12:23 INFO  : 'configparams mdm-detect-bscan-mask 2' command is executed.
11:12:23 INFO  : Context for processor 'microblaze_0' is selected.
11:12:23 INFO  : System reset is completed.
11:12:26 INFO  : 'after 3000' command is executed.
11:12:26 INFO  : Context for processor 'microblaze_0' is selected.
11:12:27 INFO  : The application 'C:/Users/adamj/Desktop/Vitis/Lab6/workspace/text_controller/Debug/text_controller.elf' is downloaded to processor 'microblaze_0'.
11:12:27 INFO  : ----------------XSDB Script----------------
connect -url tcp:127.0.0.1:3121
targets -set -filter {jtag_cable_name =~ "RealDigital Boo 8874042402C7A" && level==0 && jtag_device_ctx=="jsn1-0362f093-0"}
fpga -file C:/Users/adamj/Desktop/Vitis/Lab6/workspace/text_controller/_ide/bitstream/hdmi_text_controller_top.bit
targets -set -nocase -filter {name =~ "*microblaze*#0" && bscan=="USER2" }
loadhw -hw C:/Users/adamj/Desktop/Vitis/Lab6/workspace/hdmi_text_controller_wrapper/export/hdmi_text_controller_wrapper/hw/test2.xsa -regs
configparams mdm-detect-bscan-mask 2
targets -set -nocase -filter {name =~ "*microblaze*#0" && bscan=="USER2" }
rst -system
after 3000
targets -set -nocase -filter {name =~ "*microblaze*#0" && bscan=="USER2" }
dow C:/Users/adamj/Desktop/Vitis/Lab6/workspace/text_controller/Debug/text_controller.elf
----------------End of Script----------------

11:12:27 INFO  : Context for processor 'microblaze_0' is selected.
11:12:27 INFO  : 'con' command is executed.
11:12:27 INFO  : ----------------XSDB Script (After Launch)----------------
targets -set -nocase -filter {name =~ "*microblaze*#0" && bscan=="USER2" }
con
----------------End of Script----------------

11:12:27 INFO  : Launch script is exported to file 'C:\Users\adamj\Desktop\Vitis\Lab6\workspace\text_controller_system\_ide\scripts\systemdebugger_text_controller_system_standalone.tcl'
